-- =====================================================================
-- Cotizador Thin Laminates — 03 · Seed del catálogo (Lista Mayo 2026)
-- Generado por scripts/build_seed.py — NO editar a mano.
-- Correr después de 01_schema.sql y 02_rls.sql.
-- =====================================================================

-- Limpia catálogo (no toca usuarios/cotizaciones).
truncate table public.producto_precio, public.producto restart identity cascade;
delete from public.familia;

insert into public.familia (codigo,nombre,aplica_descuento,orden) values
  ('CUBIERTAS','Cubiertas',true,10),
  ('LOCKERS','Lockers',true,20),
  ('VESTIDORES','Vestidores',true,30),
  ('BANCAS','Bancas y paletas',true,40),
  ('GRADO_LAB','Grado laboratorio',true,50),
  ('PANELEX','Panelex',true,60),
  ('PLACAS','Placas (Lamitech/Ralph)',true,70),
  ('ACCESORIOS','Accesorios y herrajes',true,80),
  ('ADHESIVOS','Adhesivos y perfiles',true,90),
  ('SERVICIOS','Servicios (instalación/flete)',false,100)
on conflict (codigo) do update set nombre=excluded.nombre, aplica_descuento=excluded.aplica_descuento, orden=excluded.orden;

do $$
declare pid bigint;
begin
  insert into public.producto (codigo_sap,familia_codigo,nombre,descripcion,tipo_precio,unidad,moneda,espesor,requiere_medidas,aplica_descuento,orden) values ('CR-ESP','CUBIERTAS','Cubierta redonda medida especial','SUMINISTRO DE CUBIERTA REDONDA DE LAMINADO COMPACTO DE 12.7 MM DE ESPESOR MARCA THIN LAMINATES. MEDIDA FINAL: __ CM DIÁMETRO. GARANTÍA EN LAMINADO COMPACTO. CANTO __','m2','m2','MXN',null,true,true,1) returning producto_id into pid;
  insert into public.producto_precio (producto_id,grupo,precio) values (pid,'G1',4170.9866);
  insert into public.producto_precio (producto_id,grupo,precio) values (pid,'G2',4484.9319);
  insert into public.producto_precio (producto_id,grupo,precio) values (pid,'G3',4823.6808);
  insert into public.producto_precio (producto_id,grupo,precio) values (pid,'G4',5520.6402);
  insert into public.producto_precio (producto_id,grupo,precio) values (pid,'ESP_INT',5005.184);
  insert into public.producto_precio (producto_id,grupo,precio) values (pid,'ESP_EXT',6624.7683);
  insert into public.producto (codigo_sap,familia_codigo,nombre,descripcion,tipo_precio,unidad,moneda,espesor,requiere_medidas,aplica_descuento,orden) values ('CT-ESP','CUBIERTAS','Cubierta rectangular medida especial','SUMINISTRO DE CUBIERTA RECTANGULAR DE LAMINADO COMPACTO DE 12.7 MM DE ESPESOR MARCA THIN LAMINATES. MEDIDA FINAL: __ CM X __ CM. GARANTÍA EN LAMINADO COMPACTO. CANTO __','m2','m2','MXN',null,true,true,2) returning producto_id into pid;
  insert into public.producto_precio (producto_id,grupo,precio) values (pid,'G1',4170.9866);
  insert into public.producto_precio (producto_id,grupo,precio) values (pid,'G2',4484.9319);
  insert into public.producto_precio (producto_id,grupo,precio) values (pid,'G3',4823.6808);
  insert into public.producto_precio (producto_id,grupo,precio) values (pid,'G4',5520.6402);
  insert into public.producto_precio (producto_id,grupo,precio) values (pid,'ESP_INT',5005.184);
  insert into public.producto_precio (producto_id,grupo,precio) values (pid,'ESP_EXT',6624.7683);
  insert into public.producto (codigo_sap,familia_codigo,nombre,descripcion,tipo_precio,unidad,moneda,espesor,requiere_medidas,aplica_descuento,orden) values ('CU-ESP','CUBIERTAS','Cubierta forma irregular medida especial','SUMINISTRO DE CUBIERTA FORMA IRREGULAR DE LAMINADO COMPACTO DE 12.7 MM DE ESPESOR MARCA THIN LAMINATES. MEDIDA FINAL: __ CM X __ CM. GARANTÍA EN LAMINADO COMPACTO. CANTO __','m2','m2','MXN',null,true,true,3) returning producto_id into pid;
  insert into public.producto_precio (producto_id,grupo,precio) values (pid,'G1',4170.9866);
  insert into public.producto_precio (producto_id,grupo,precio) values (pid,'G2',4484.9319);
  insert into public.producto_precio (producto_id,grupo,precio) values (pid,'G3',4823.6808);
  insert into public.producto_precio (producto_id,grupo,precio) values (pid,'G4',5520.6402);
  insert into public.producto_precio (producto_id,grupo,precio) values (pid,'ESP_INT',5005.184);
  insert into public.producto_precio (producto_id,grupo,precio) values (pid,'ESP_EXT',6624.7683);
  insert into public.producto (codigo_sap,familia_codigo,nombre,descripcion,tipo_precio,unidad,moneda,espesor,requiere_medidas,aplica_descuento,orden) values ('CUB-9MM','CUBIERTAS','Cubierta 9 mm (blanco/alumina/negro)','CUBIERTA LAMINADO COMPACTO 9 MM (BLANCO/ALUMINA/NEGRO). MEDIDA FINAL: __','m2','m2','MXN','9 mm',true,true,4) returning producto_id into pid;
  insert into public.producto_precio (producto_id,grupo,precio) values (pid,'UNICO',2807.63);
  insert into public.producto (codigo_sap,familia_codigo,nombre,descripcion,tipo_precio,unidad,moneda,espesor,requiere_medidas,aplica_descuento,orden) values ('CR-50','CUBIERTAS','Cubierta redonda 50 cm Ø','SUMINISTRO DE CUBIERTA REDONDA DE LAMINADO COMPACTO DE 12.7 MM DE ESPESOR MARCA THIN LAMINATES. MEDIDA FINAL: 50 CM DIÁMETRO. GARANTÍA EN LAMINADO COMPACTO. CANTO __','fijo','pieza','MXN','12 mm',false,true,10) returning producto_id into pid;
  insert into public.producto_precio (producto_id,grupo,precio) values (pid,'G1',1042.7467);
  insert into public.producto_precio (producto_id,grupo,precio) values (pid,'G2',1121.233);
  insert into public.producto_precio (producto_id,grupo,precio) values (pid,'G3',1205.9202);
  insert into public.producto_precio (producto_id,grupo,precio) values (pid,'G4',1380.1601);
  insert into public.producto (codigo_sap,familia_codigo,nombre,descripcion,tipo_precio,unidad,moneda,espesor,requiere_medidas,aplica_descuento,orden) values ('CC-5050','CUBIERTAS','Cubierta cuadrada 50x50 cm','SUMINISTRO DE CUBIERTA CUADRADA DE LAMINADO COMPACTO DE 12.7 MM DE ESPESOR MARCA THIN LAMINATES. MEDIDA FINAL: 50 CM X 50 CM. GARANTÍA EN LAMINADO COMPACTO. CANTO __','fijo','pieza','MXN','12 mm',false,true,11) returning producto_id into pid;
  insert into public.producto_precio (producto_id,grupo,precio) values (pid,'G1',1042.7467);
  insert into public.producto_precio (producto_id,grupo,precio) values (pid,'G2',1121.233);
  insert into public.producto_precio (producto_id,grupo,precio) values (pid,'G3',1205.9202);
  insert into public.producto_precio (producto_id,grupo,precio) values (pid,'G4',1380.1601);
  insert into public.producto (codigo_sap,familia_codigo,nombre,descripcion,tipo_precio,unidad,moneda,espesor,requiere_medidas,aplica_descuento,orden) values ('CR-60','CUBIERTAS','Cubierta redonda 60 cm Ø','SUMINISTRO DE CUBIERTA REDONDA DE LAMINADO COMPACTO DE 12.7 MM DE ESPESOR MARCA THIN LAMINATES. MEDIDA FINAL: 60 CM DIÁMETRO. GARANTÍA EN LAMINADO COMPACTO. CANTO __','fijo','pieza','MXN','12 mm',false,true,12) returning producto_id into pid;
  insert into public.producto_precio (producto_id,grupo,precio) values (pid,'G1',1501.5552);
  insert into public.producto_precio (producto_id,grupo,precio) values (pid,'G2',1614.5755);
  insert into public.producto_precio (producto_id,grupo,precio) values (pid,'G3',1736.5251);
  insert into public.producto_precio (producto_id,grupo,precio) values (pid,'G4',1987.4305);
  insert into public.producto (codigo_sap,familia_codigo,nombre,descripcion,tipo_precio,unidad,moneda,espesor,requiere_medidas,aplica_descuento,orden) values ('CC-6060','CUBIERTAS','Cubierta cuadrada 60x60 cm','SUMINISTRO DE CUBIERTA CUADRADA DE LAMINADO COMPACTO DE 12.7 MM DE ESPESOR MARCA THIN LAMINATES. MEDIDA FINAL: 60 CM X 60 CM. GARANTÍA EN LAMINADO COMPACTO. CANTO __','fijo','pieza','MXN','12 mm',false,true,13) returning producto_id into pid;
  insert into public.producto_precio (producto_id,grupo,precio) values (pid,'G1',1501.5552);
  insert into public.producto_precio (producto_id,grupo,precio) values (pid,'G2',1614.5755);
  insert into public.producto_precio (producto_id,grupo,precio) values (pid,'G3',1736.5251);
  insert into public.producto_precio (producto_id,grupo,precio) values (pid,'G4',1987.4305);
  insert into public.producto (codigo_sap,familia_codigo,nombre,descripcion,tipo_precio,unidad,moneda,espesor,requiere_medidas,aplica_descuento,orden) values ('CR-70','CUBIERTAS','Cubierta redonda 70 cm Ø','SUMINISTRO DE CUBIERTA REDONDA DE LAMINADO COMPACTO DE 12.7 MM DE ESPESOR MARCA THIN LAMINATES. MEDIDA FINAL: 70 CM DIÁMETRO. GARANTÍA EN LAMINADO COMPACTO. CANTO __','fijo','pieza','MXN','12 mm',false,true,14) returning producto_id into pid;
  insert into public.producto_precio (producto_id,grupo,precio) values (pid,'G1',2043.7835);
  insert into public.producto_precio (producto_id,grupo,precio) values (pid,'G2',2197.6166);
  insert into public.producto_precio (producto_id,grupo,precio) values (pid,'G3',2363.6036);
  insert into public.producto_precio (producto_id,grupo,precio) values (pid,'G4',2705.1137);
  insert into public.producto (codigo_sap,familia_codigo,nombre,descripcion,tipo_precio,unidad,moneda,espesor,requiere_medidas,aplica_descuento,orden) values ('CC-7070','CUBIERTAS','Cubierta cuadrada 70x70 cm','SUMINISTRO DE CUBIERTA CUADRADA DE LAMINADO COMPACTO DE 12.7 MM DE ESPESOR MARCA THIN LAMINATES. MEDIDA FINAL: 70 CM X 70 CM. GARANTÍA EN LAMINADO COMPACTO. CANTO __','fijo','pieza','MXN','12 mm',false,true,15) returning producto_id into pid;
  insert into public.producto_precio (producto_id,grupo,precio) values (pid,'G1',2043.7835);
  insert into public.producto_precio (producto_id,grupo,precio) values (pid,'G2',2197.6166);
  insert into public.producto_precio (producto_id,grupo,precio) values (pid,'G3',2363.6036);
  insert into public.producto_precio (producto_id,grupo,precio) values (pid,'G4',2705.1137);
  insert into public.producto (codigo_sap,familia_codigo,nombre,descripcion,tipo_precio,unidad,moneda,espesor,requiere_medidas,aplica_descuento,orden) values ('CR-75','CUBIERTAS','Cubierta redonda 75 cm Ø','SUMINISTRO DE CUBIERTA REDONDA DE LAMINADO COMPACTO DE 12.7 MM DE ESPESOR MARCA THIN LAMINATES. MEDIDA FINAL: 75 CM DIÁMETRO. GARANTÍA EN LAMINADO COMPACTO. CANTO __','fijo','pieza','MXN','12 mm',false,true,16) returning producto_id into pid;
  insert into public.producto_precio (producto_id,grupo,precio) values (pid,'G1',2346.18);
  insert into public.producto_precio (producto_id,grupo,precio) values (pid,'G2',2522.7742);
  insert into public.producto_precio (producto_id,grupo,precio) values (pid,'G3',2713.3205);
  insert into public.producto_precio (producto_id,grupo,precio) values (pid,'G4',3105.3601);
  insert into public.producto (codigo_sap,familia_codigo,nombre,descripcion,tipo_precio,unidad,moneda,espesor,requiere_medidas,aplica_descuento,orden) values ('CC-7575','CUBIERTAS','Cubierta cuadrada 75x75 cm','SUMINISTRO DE CUBIERTA CUADRADA DE LAMINADO COMPACTO DE 12.7 MM DE ESPESOR MARCA THIN LAMINATES. MEDIDA FINAL: 75 CM X 75 CM. GARANTÍA EN LAMINADO COMPACTO. CANTO __','fijo','pieza','MXN','12 mm',false,true,17) returning producto_id into pid;
  insert into public.producto_precio (producto_id,grupo,precio) values (pid,'G1',2346.18);
  insert into public.producto_precio (producto_id,grupo,precio) values (pid,'G2',2522.7742);
  insert into public.producto_precio (producto_id,grupo,precio) values (pid,'G3',2713.3205);
  insert into public.producto_precio (producto_id,grupo,precio) values (pid,'G4',3105.3601);
  insert into public.producto (codigo_sap,familia_codigo,nombre,descripcion,tipo_precio,unidad,moneda,espesor,requiere_medidas,aplica_descuento,orden) values ('CR-80','CUBIERTAS','Cubierta redonda 80 cm Ø','SUMINISTRO DE CUBIERTA REDONDA DE LAMINADO COMPACTO DE 12.7 MM DE ESPESOR MARCA THIN LAMINATES. MEDIDA FINAL: 80 CM DIÁMETRO. GARANTÍA EN LAMINADO COMPACTO. CANTO __','fijo','pieza','MXN','12 mm',false,true,18) returning producto_id into pid;
  insert into public.producto_precio (producto_id,grupo,precio) values (pid,'G1',2669.4314);
  insert into public.producto_precio (producto_id,grupo,precio) values (pid,'G2',2870.3564);
  insert into public.producto_precio (producto_id,grupo,precio) values (pid,'G3',3087.1557);
  insert into public.producto_precio (producto_id,grupo,precio) values (pid,'G4',3533.2097);
  insert into public.producto (codigo_sap,familia_codigo,nombre,descripcion,tipo_precio,unidad,moneda,espesor,requiere_medidas,aplica_descuento,orden) values ('CC-8080','CUBIERTAS','Cubierta cuadrada 80x80 cm','SUMINISTRO DE CUBIERTA CUADRADA DE LAMINADO COMPACTO DE 12.7 MM DE ESPESOR MARCA THIN LAMINATES. MEDIDA FINAL: 80 CM X 80 CM. GARANTÍA EN LAMINADO COMPACTO. CANTO __','fijo','pieza','MXN','12 mm',false,true,19) returning producto_id into pid;
  insert into public.producto_precio (producto_id,grupo,precio) values (pid,'G1',2669.4314);
  insert into public.producto_precio (producto_id,grupo,precio) values (pid,'G2',2870.3564);
  insert into public.producto_precio (producto_id,grupo,precio) values (pid,'G3',3087.1557);
  insert into public.producto_precio (producto_id,grupo,precio) values (pid,'G4',3533.2097);
  insert into public.producto (codigo_sap,familia_codigo,nombre,descripcion,tipo_precio,unidad,moneda,espesor,requiere_medidas,aplica_descuento,orden) values ('CR-90','CUBIERTAS','Cubierta redonda 90 cm Ø','SUMINISTRO DE CUBIERTA REDONDA DE LAMINADO COMPACTO DE 12.7 MM DE ESPESOR MARCA THIN LAMINATES. MEDIDA FINAL: 90 CM DIÁMETRO. GARANTÍA EN LAMINADO COMPACTO. CANTO __','fijo','pieza','MXN','12 mm',false,true,20) returning producto_id into pid;
  insert into public.producto_precio (producto_id,grupo,precio) values (pid,'G1',3378.4992);
  insert into public.producto_precio (producto_id,grupo,precio) values (pid,'G2',3632.7948);
  insert into public.producto_precio (producto_id,grupo,precio) values (pid,'G3',3907.1815);
  insert into public.producto_precio (producto_id,grupo,precio) values (pid,'G4',4471.7186);
  insert into public.producto (codigo_sap,familia_codigo,nombre,descripcion,tipo_precio,unidad,moneda,espesor,requiere_medidas,aplica_descuento,orden) values ('CC-9090','CUBIERTAS','Cubierta cuadrada 90x90 cm','SUMINISTRO DE CUBIERTA CUADRADA DE LAMINADO COMPACTO DE 12.7 MM DE ESPESOR MARCA THIN LAMINATES. MEDIDA FINAL: 90 CM X 90 CM. GARANTÍA EN LAMINADO COMPACTO. CANTO __','fijo','pieza','MXN','12 mm',false,true,21) returning producto_id into pid;
  insert into public.producto_precio (producto_id,grupo,precio) values (pid,'G1',3378.4992);
  insert into public.producto_precio (producto_id,grupo,precio) values (pid,'G2',3632.7948);
  insert into public.producto_precio (producto_id,grupo,precio) values (pid,'G3',3907.1815);
  insert into public.producto_precio (producto_id,grupo,precio) values (pid,'G4',4471.7186);
  insert into public.producto (codigo_sap,familia_codigo,nombre,descripcion,tipo_precio,unidad,moneda,espesor,requiere_medidas,aplica_descuento,orden) values ('CR-100','CUBIERTAS','Cubierta redonda 100 cm Ø','SUMINISTRO DE CUBIERTA REDONDA DE LAMINADO COMPACTO DE 12.7 MM DE ESPESOR MARCA THIN LAMINATES. MEDIDA FINAL: 100 CM DIÁMETRO. GARANTÍA EN LAMINADO COMPACTO. CANTO __','fijo','pieza','MXN','12 mm',false,true,22) returning producto_id into pid;
  insert into public.producto_precio (producto_id,grupo,precio) values (pid,'G1',4170.9866);
  insert into public.producto_precio (producto_id,grupo,precio) values (pid,'G2',4484.9319);
  insert into public.producto_precio (producto_id,grupo,precio) values (pid,'G3',4823.6808);
  insert into public.producto_precio (producto_id,grupo,precio) values (pid,'G4',5520.6402);
  insert into public.producto (codigo_sap,familia_codigo,nombre,descripcion,tipo_precio,unidad,moneda,espesor,requiere_medidas,aplica_descuento,orden) values ('CC-100100','CUBIERTAS','Cubierta cuadrada 100x100 cm','SUMINISTRO DE CUBIERTA CUADRADA DE LAMINADO COMPACTO DE 12.7 MM DE ESPESOR MARCA THIN LAMINATES. MEDIDA FINAL: 100 CM X 100 CM. GARANTÍA EN LAMINADO COMPACTO. CANTO __','fijo','pieza','MXN','12 mm',false,true,23) returning producto_id into pid;
  insert into public.producto_precio (producto_id,grupo,precio) values (pid,'G1',4170.9866);
  insert into public.producto_precio (producto_id,grupo,precio) values (pid,'G2',4484.9319);
  insert into public.producto_precio (producto_id,grupo,precio) values (pid,'G3',4823.6808);
  insert into public.producto_precio (producto_id,grupo,precio) values (pid,'G4',5520.6402);
  insert into public.producto (codigo_sap,familia_codigo,nombre,descripcion,tipo_precio,unidad,moneda,espesor,requiere_medidas,aplica_descuento,orden) values ('CR-120','CUBIERTAS','Cubierta redonda 120 cm Ø','SUMINISTRO DE CUBIERTA REDONDA DE LAMINADO COMPACTO DE 12.7 MM DE ESPESOR MARCA THIN LAMINATES. MEDIDA FINAL: 120 CM DIÁMETRO. GARANTÍA EN LAMINADO COMPACTO. CANTO __','fijo','pieza','MXN','12 mm',false,true,24) returning producto_id into pid;
  insert into public.producto_precio (producto_id,grupo,precio) values (pid,'G1',6006.2208);
  insert into public.producto_precio (producto_id,grupo,precio) values (pid,'G2',6458.3019);
  insert into public.producto_precio (producto_id,grupo,precio) values (pid,'G3',6946.1004);
  insert into public.producto_precio (producto_id,grupo,precio) values (pid,'G4',7949.7219);
  insert into public.producto (codigo_sap,familia_codigo,nombre,descripcion,tipo_precio,unidad,moneda,espesor,requiere_medidas,aplica_descuento,orden) values ('CC-120120','CUBIERTAS','Cubierta cuadrada 120x120 cm','SUMINISTRO DE CUBIERTA CUADRADA DE LAMINADO COMPACTO DE 12.7 MM DE ESPESOR MARCA THIN LAMINATES. MEDIDA FINAL: 120 CM X 120 CM. GARANTÍA EN LAMINADO COMPACTO. CANTO __','fijo','pieza','MXN','12 mm',false,true,25) returning producto_id into pid;
  insert into public.producto_precio (producto_id,grupo,precio) values (pid,'G1',6006.2208);
  insert into public.producto_precio (producto_id,grupo,precio) values (pid,'G2',6458.3019);
  insert into public.producto_precio (producto_id,grupo,precio) values (pid,'G3',6946.1004);
  insert into public.producto_precio (producto_id,grupo,precio) values (pid,'G4',7949.7219);
  insert into public.producto (codigo_sap,familia_codigo,nombre,descripcion,tipo_precio,unidad,moneda,espesor,requiere_medidas,aplica_descuento,orden) values ('CR-150','CUBIERTAS','Cubierta redonda 150 cm Ø','SUMINISTRO DE CUBIERTA REDONDA DE LAMINADO COMPACTO DE 12.7 MM DE ESPESOR MARCA THIN LAMINATES. MEDIDA FINAL: 150 CM DIÁMETRO. GARANTÍA EN LAMINADO COMPACTO. CANTO __','fijo','pieza','MXN','12 mm',false,true,26) returning producto_id into pid;
  insert into public.producto_precio (producto_id,grupo,precio) values (pid,'G1',9384.7199);
  insert into public.producto_precio (producto_id,grupo,precio) values (pid,'G2',10091.0967);
  insert into public.producto (codigo_sap,familia_codigo,nombre,descripcion,tipo_precio,unidad,moneda,espesor,requiere_medidas,aplica_descuento,orden) values ('CC-150150','CUBIERTAS','Cubierta cuadrada 150x150 cm','SUMINISTRO DE CUBIERTA CUADRADA DE LAMINADO COMPACTO DE 12.7 MM DE ESPESOR MARCA THIN LAMINATES. MEDIDA FINAL: 150 CM X 150 CM. GARANTÍA EN LAMINADO COMPACTO. CANTO __','fijo','pieza','MXN','12 mm',false,true,27) returning producto_id into pid;
  insert into public.producto_precio (producto_id,grupo,precio) values (pid,'G1',9384.7199);
  insert into public.producto_precio (producto_id,grupo,precio) values (pid,'G2',10091.0967);
  insert into public.producto (codigo_sap,familia_codigo,nombre,descripcion,tipo_precio,unidad,moneda,espesor,requiere_medidas,aplica_descuento,orden) values ('CT-6070','CUBIERTAS','Cubierta rectangular 60 CM X 70 CM','SUMINISTRO DE CUBIERTA RECTANGULAR DE LAMINADO COMPACTO DE 12.7 MM DE ESPESOR MARCA THIN LAMINATES. MEDIDA FINAL: 60 CM X 70 CM. GARANTÍA EN LAMINADO COMPACTO. CANTO __','fijo','pieza','MXN','12 mm',false,true,28) returning producto_id into pid;
  insert into public.producto_precio (producto_id,grupo,precio) values (pid,'G1',1751.8144);
  insert into public.producto_precio (producto_id,grupo,precio) values (pid,'G2',1883.6714);
  insert into public.producto_precio (producto_id,grupo,precio) values (pid,'G3',2025.9459);
  insert into public.producto_precio (producto_id,grupo,precio) values (pid,'G4',2318.6689);
  insert into public.producto (codigo_sap,familia_codigo,nombre,descripcion,tipo_precio,unidad,moneda,espesor,requiere_medidas,aplica_descuento,orden) values ('CT-6080','CUBIERTAS','Cubierta rectangular 60 CM X 80 CM','SUMINISTRO DE CUBIERTA RECTANGULAR DE LAMINADO COMPACTO DE 12.7 MM DE ESPESOR MARCA THIN LAMINATES. MEDIDA FINAL: 60 CM X 80 CM. GARANTÍA EN LAMINADO COMPACTO. CANTO __','fijo','pieza','MXN','12 mm',false,true,29) returning producto_id into pid;
  insert into public.producto_precio (producto_id,grupo,precio) values (pid,'G1',2002.0736);
  insert into public.producto_precio (producto_id,grupo,precio) values (pid,'G2',2152.7673);
  insert into public.producto_precio (producto_id,grupo,precio) values (pid,'G3',2315.3668);
  insert into public.producto_precio (producto_id,grupo,precio) values (pid,'G4',2649.9073);
  insert into public.producto (codigo_sap,familia_codigo,nombre,descripcion,tipo_precio,unidad,moneda,espesor,requiere_medidas,aplica_descuento,orden) values ('CT-6090','CUBIERTAS','Cubierta rectangular 60 CM X 90 CM','SUMINISTRO DE CUBIERTA RECTANGULAR DE LAMINADO COMPACTO DE 12.7 MM DE ESPESOR MARCA THIN LAMINATES. MEDIDA FINAL: 60 CM X 90 CM. GARANTÍA EN LAMINADO COMPACTO. CANTO __','fijo','pieza','MXN','12 mm',false,true,30) returning producto_id into pid;
  insert into public.producto_precio (producto_id,grupo,precio) values (pid,'G1',2252.3328);
  insert into public.producto_precio (producto_id,grupo,precio) values (pid,'G2',2421.8632);
  insert into public.producto_precio (producto_id,grupo,precio) values (pid,'G3',2604.7876);
  insert into public.producto_precio (producto_id,grupo,precio) values (pid,'G4',2981.1457);
  insert into public.producto (codigo_sap,familia_codigo,nombre,descripcion,tipo_precio,unidad,moneda,espesor,requiere_medidas,aplica_descuento,orden) values ('CT-60100','CUBIERTAS','Cubierta rectangular 60 CM X 100 CM','SUMINISTRO DE CUBIERTA RECTANGULAR DE LAMINADO COMPACTO DE 12.7 MM DE ESPESOR MARCA THIN LAMINATES. MEDIDA FINAL: 60 CM X 100 CM. GARANTÍA EN LAMINADO COMPACTO. CANTO __','fijo','pieza','MXN','12 mm',false,true,31) returning producto_id into pid;
  insert into public.producto_precio (producto_id,grupo,precio) values (pid,'G1',2502.592);
  insert into public.producto_precio (producto_id,grupo,precio) values (pid,'G2',2690.9591);
  insert into public.producto_precio (producto_id,grupo,precio) values (pid,'G3',2894.2085);
  insert into public.producto_precio (producto_id,grupo,precio) values (pid,'G4',3312.3841);
  insert into public.producto (codigo_sap,familia_codigo,nombre,descripcion,tipo_precio,unidad,moneda,espesor,requiere_medidas,aplica_descuento,orden) values ('CT-60120','CUBIERTAS','Cubierta rectangular 60 CM X 120 CM','SUMINISTRO DE CUBIERTA RECTANGULAR DE LAMINADO COMPACTO DE 12.7 MM DE ESPESOR MARCA THIN LAMINATES. MEDIDA FINAL: 60 CM X 120 CM. GARANTÍA EN LAMINADO COMPACTO. CANTO __','fijo','pieza','MXN','12 mm',false,true,32) returning producto_id into pid;
  insert into public.producto_precio (producto_id,grupo,precio) values (pid,'G1',3003.1104);
  insert into public.producto_precio (producto_id,grupo,precio) values (pid,'G2',3229.1509);
  insert into public.producto_precio (producto_id,grupo,precio) values (pid,'G3',3473.0502);
  insert into public.producto_precio (producto_id,grupo,precio) values (pid,'G4',3974.861);
  insert into public.producto (codigo_sap,familia_codigo,nombre,descripcion,tipo_precio,unidad,moneda,espesor,requiere_medidas,aplica_descuento,orden) values ('CT-60150','CUBIERTAS','Cubierta rectangular 60 CM X 150 CM','SUMINISTRO DE CUBIERTA RECTANGULAR DE LAMINADO COMPACTO DE 12.7 MM DE ESPESOR MARCA THIN LAMINATES. MEDIDA FINAL: 60 CM X 150 CM. GARANTÍA EN LAMINADO COMPACTO. CANTO __','fijo','pieza','MXN','12 mm',false,true,33) returning producto_id into pid;
  insert into public.producto_precio (producto_id,grupo,precio) values (pid,'G1',3753.888);
  insert into public.producto_precio (producto_id,grupo,precio) values (pid,'G2',4036.4387);
  insert into public.producto_precio (producto_id,grupo,precio) values (pid,'G3',4341.3127);
  insert into public.producto_precio (producto_id,grupo,precio) values (pid,'G4',4968.5762);
  insert into public.producto (codigo_sap,familia_codigo,nombre,descripcion,tipo_precio,unidad,moneda,espesor,requiere_medidas,aplica_descuento,orden) values ('CT-60180','CUBIERTAS','Cubierta rectangular 60 CM X 180 CM','SUMINISTRO DE CUBIERTA RECTANGULAR DE LAMINADO COMPACTO DE 12.7 MM DE ESPESOR MARCA THIN LAMINATES. MEDIDA FINAL: 60 CM X 180 CM. GARANTÍA EN LAMINADO COMPACTO. CANTO __','fijo','pieza','MXN','12 mm',false,true,34) returning producto_id into pid;
  insert into public.producto_precio (producto_id,grupo,precio) values (pid,'G1',4504.6656);
  insert into public.producto_precio (producto_id,grupo,precio) values (pid,'G2',4843.7264);
  insert into public.producto_precio (producto_id,grupo,precio) values (pid,'G3',5209.5753);
  insert into public.producto_precio (producto_id,grupo,precio) values (pid,'G4',5962.2914);
  insert into public.producto (codigo_sap,familia_codigo,nombre,descripcion,tipo_precio,unidad,moneda,espesor,requiere_medidas,aplica_descuento,orden) values ('CT-7080','CUBIERTAS','Cubierta rectangular 70 CM X 80 CM','SUMINISTRO DE CUBIERTA RECTANGULAR DE LAMINADO COMPACTO DE 12.7 MM DE ESPESOR MARCA THIN LAMINATES. MEDIDA FINAL: 70 CM X 80 CM. GARANTÍA EN LAMINADO COMPACTO. CANTO __','fijo','pieza','MXN','12 mm',false,true,35) returning producto_id into pid;
  insert into public.producto_precio (producto_id,grupo,precio) values (pid,'G1',2335.7525);
  insert into public.producto_precio (producto_id,grupo,precio) values (pid,'G2',2511.5618);
  insert into public.producto_precio (producto_id,grupo,precio) values (pid,'G3',2701.2613);
  insert into public.producto_precio (producto_id,grupo,precio) values (pid,'G4',3091.5585);
  insert into public.producto (codigo_sap,familia_codigo,nombre,descripcion,tipo_precio,unidad,moneda,espesor,requiere_medidas,aplica_descuento,orden) values ('CT-7090','CUBIERTAS','Cubierta rectangular 70 CM X 90 CM','SUMINISTRO DE CUBIERTA RECTANGULAR DE LAMINADO COMPACTO DE 12.7 MM DE ESPESOR MARCA THIN LAMINATES. MEDIDA FINAL: 70 CM X 90 CM. GARANTÍA EN LAMINADO COMPACTO. CANTO __','fijo','pieza','MXN','12 mm',false,true,36) returning producto_id into pid;
  insert into public.producto_precio (producto_id,grupo,precio) values (pid,'G1',2627.7216);
  insert into public.producto_precio (producto_id,grupo,precio) values (pid,'G2',2825.5071);
  insert into public.producto_precio (producto_id,grupo,precio) values (pid,'G3',3038.9189);
  insert into public.producto_precio (producto_id,grupo,precio) values (pid,'G4',3478.0033);
  insert into public.producto (codigo_sap,familia_codigo,nombre,descripcion,tipo_precio,unidad,moneda,espesor,requiere_medidas,aplica_descuento,orden) values ('CT-70100','CUBIERTAS','Cubierta rectangular 70 CM X 100 CM','SUMINISTRO DE CUBIERTA RECTANGULAR DE LAMINADO COMPACTO DE 12.7 MM DE ESPESOR MARCA THIN LAMINATES. MEDIDA FINAL: 70 CM X 100 CM. GARANTÍA EN LAMINADO COMPACTO. CANTO __','fijo','pieza','MXN','12 mm',false,true,37) returning producto_id into pid;
  insert into public.producto_precio (producto_id,grupo,precio) values (pid,'G1',2919.6906);
  insert into public.producto_precio (producto_id,grupo,precio) values (pid,'G2',3139.4523);
  insert into public.producto_precio (producto_id,grupo,precio) values (pid,'G3',3376.5766);
  insert into public.producto_precio (producto_id,grupo,precio) values (pid,'G4',3864.4481);
  insert into public.producto (codigo_sap,familia_codigo,nombre,descripcion,tipo_precio,unidad,moneda,espesor,requiere_medidas,aplica_descuento,orden) values ('CT-70120','CUBIERTAS','Cubierta rectangular 70 CM X 120 CM','SUMINISTRO DE CUBIERTA RECTANGULAR DE LAMINADO COMPACTO DE 12.7 MM DE ESPESOR MARCA THIN LAMINATES. MEDIDA FINAL: 70 CM X 120 CM. GARANTÍA EN LAMINADO COMPACTO. CANTO __','fijo','pieza','MXN','12 mm',false,true,38) returning producto_id into pid;
  insert into public.producto_precio (producto_id,grupo,precio) values (pid,'G1',3503.6288);
  insert into public.producto_precio (producto_id,grupo,precio) values (pid,'G2',3767.3428);
  insert into public.producto_precio (producto_id,grupo,precio) values (pid,'G3',4051.8919);
  insert into public.producto_precio (producto_id,grupo,precio) values (pid,'G4',4637.3378);
  insert into public.producto (codigo_sap,familia_codigo,nombre,descripcion,tipo_precio,unidad,moneda,espesor,requiere_medidas,aplica_descuento,orden) values ('CT-70150','CUBIERTAS','Cubierta rectangular 70 CM X 150 CM','SUMINISTRO DE CUBIERTA RECTANGULAR DE LAMINADO COMPACTO DE 12.7 MM DE ESPESOR MARCA THIN LAMINATES. MEDIDA FINAL: 70 CM X 150 CM. GARANTÍA EN LAMINADO COMPACTO. CANTO __','fijo','pieza','MXN','12 mm',false,true,39) returning producto_id into pid;
  insert into public.producto_precio (producto_id,grupo,precio) values (pid,'G1',4379.536);
  insert into public.producto_precio (producto_id,grupo,precio) values (pid,'G2',4709.1785);
  insert into public.producto_precio (producto_id,grupo,precio) values (pid,'G3',5064.8649);
  insert into public.producto_precio (producto_id,grupo,precio) values (pid,'G4',5796.6722);
  insert into public.producto (codigo_sap,familia_codigo,nombre,descripcion,tipo_precio,unidad,moneda,espesor,requiere_medidas,aplica_descuento,orden) values ('CT-70180','CUBIERTAS','Cubierta rectangular 70 CM X 180 CM','SUMINISTRO DE CUBIERTA RECTANGULAR DE LAMINADO COMPACTO DE 12.7 MM DE ESPESOR MARCA THIN LAMINATES. MEDIDA FINAL: 70 CM X 180 CM. GARANTÍA EN LAMINADO COMPACTO. CANTO __','fijo','pieza','MXN','12 mm',false,true,40) returning producto_id into pid;
  insert into public.producto_precio (producto_id,grupo,precio) values (pid,'G1',5255.4432);
  insert into public.producto_precio (producto_id,grupo,precio) values (pid,'G2',5651.0142);
  insert into public.producto_precio (producto_id,grupo,precio) values (pid,'G3',6077.8378);
  insert into public.producto_precio (producto_id,grupo,precio) values (pid,'G4',6956.0067);
  insert into public.producto (codigo_sap,familia_codigo,nombre,descripcion,tipo_precio,unidad,moneda,espesor,requiere_medidas,aplica_descuento,orden) values ('CT-7590','CUBIERTAS','Cubierta rectangular 75 CM X 90 CM','SUMINISTRO DE CUBIERTA RECTANGULAR DE LAMINADO COMPACTO DE 12.7 MM DE ESPESOR MARCA THIN LAMINATES. MEDIDA FINAL: 75 CM X 90 CM. GARANTÍA EN LAMINADO COMPACTO. CANTO __','fijo','pieza','MXN','12 mm',false,true,41) returning producto_id into pid;
  insert into public.producto_precio (producto_id,grupo,precio) values (pid,'G1',2815.416);
  insert into public.producto_precio (producto_id,grupo,precio) values (pid,'G2',3027.329);
  insert into public.producto_precio (producto_id,grupo,precio) values (pid,'G3',3255.9846);
  insert into public.producto_precio (producto_id,grupo,precio) values (pid,'G4',3726.4321);
  insert into public.producto (codigo_sap,familia_codigo,nombre,descripcion,tipo_precio,unidad,moneda,espesor,requiere_medidas,aplica_descuento,orden) values ('CT-8090','CUBIERTAS','Cubierta rectangular 80 CM X 90 CM','SUMINISTRO DE CUBIERTA RECTANGULAR DE LAMINADO COMPACTO DE 12.7 MM DE ESPESOR MARCA THIN LAMINATES. MEDIDA FINAL: 80 CM X 90 CM. GARANTÍA EN LAMINADO COMPACTO. CANTO __','fijo','pieza','MXN','12 mm',false,true,42) returning producto_id into pid;
  insert into public.producto_precio (producto_id,grupo,precio) values (pid,'G1',3003.1104);
  insert into public.producto_precio (producto_id,grupo,precio) values (pid,'G2',3229.1509);
  insert into public.producto_precio (producto_id,grupo,precio) values (pid,'G3',3473.0502);
  insert into public.producto_precio (producto_id,grupo,precio) values (pid,'G4',3974.861);
  insert into public.producto (codigo_sap,familia_codigo,nombre,descripcion,tipo_precio,unidad,moneda,espesor,requiere_medidas,aplica_descuento,orden) values ('CT-80100','CUBIERTAS','Cubierta rectangular 80 CM X 100 CM','SUMINISTRO DE CUBIERTA RECTANGULAR DE LAMINADO COMPACTO DE 12.7 MM DE ESPESOR MARCA THIN LAMINATES. MEDIDA FINAL: 80 CM X 100 CM. GARANTÍA EN LAMINADO COMPACTO. CANTO __','fijo','pieza','MXN','12 mm',false,true,43) returning producto_id into pid;
  insert into public.producto_precio (producto_id,grupo,precio) values (pid,'G1',3336.7893);
  insert into public.producto_precio (producto_id,grupo,precio) values (pid,'G2',3587.9455);
  insert into public.producto_precio (producto_id,grupo,precio) values (pid,'G3',3858.9447);
  insert into public.producto_precio (producto_id,grupo,precio) values (pid,'G4',4416.5122);
  insert into public.producto (codigo_sap,familia_codigo,nombre,descripcion,tipo_precio,unidad,moneda,espesor,requiere_medidas,aplica_descuento,orden) values ('CT-80120','CUBIERTAS','Cubierta rectangular 80 CM X 120 CM','SUMINISTRO DE CUBIERTA RECTANGULAR DE LAMINADO COMPACTO DE 12.7 MM DE ESPESOR MARCA THIN LAMINATES. MEDIDA FINAL: 80 CM X 120 CM. GARANTÍA EN LAMINADO COMPACTO. CANTO __','fijo','pieza','MXN','12 mm',false,true,44) returning producto_id into pid;
  insert into public.producto_precio (producto_id,grupo,precio) values (pid,'G1',4004.1472);
  insert into public.producto_precio (producto_id,grupo,precio) values (pid,'G2',4305.5346);
  insert into public.producto_precio (producto_id,grupo,precio) values (pid,'G3',4630.7336);
  insert into public.producto_precio (producto_id,grupo,precio) values (pid,'G4',5299.8146);
  insert into public.producto (codigo_sap,familia_codigo,nombre,descripcion,tipo_precio,unidad,moneda,espesor,requiere_medidas,aplica_descuento,orden) values ('CT-80150','CUBIERTAS','Cubierta rectangular 80 CM X 150 CM','SUMINISTRO DE CUBIERTA RECTANGULAR DE LAMINADO COMPACTO DE 12.7 MM DE ESPESOR MARCA THIN LAMINATES. MEDIDA FINAL: 80 CM X 150 CM. GARANTÍA EN LAMINADO COMPACTO. CANTO __','fijo','pieza','MXN','12 mm',false,true,45) returning producto_id into pid;
  insert into public.producto_precio (producto_id,grupo,precio) values (pid,'G1',5005.184);
  insert into public.producto_precio (producto_id,grupo,precio) values (pid,'G2',5381.9182);
  insert into public.producto_precio (producto_id,grupo,precio) values (pid,'G3',5788.417);
  insert into public.producto_precio (producto_id,grupo,precio) values (pid,'G4',6624.7683);
  insert into public.producto (codigo_sap,familia_codigo,nombre,descripcion,tipo_precio,unidad,moneda,espesor,requiere_medidas,aplica_descuento,orden) values ('CT-80180','CUBIERTAS','Cubierta rectangular 80 CM X 180 CM','SUMINISTRO DE CUBIERTA RECTANGULAR DE LAMINADO COMPACTO DE 12.7 MM DE ESPESOR MARCA THIN LAMINATES. MEDIDA FINAL: 80 CM X 180 CM. GARANTÍA EN LAMINADO COMPACTO. CANTO __','fijo','pieza','MXN','12 mm',false,true,46) returning producto_id into pid;
  insert into public.producto_precio (producto_id,grupo,precio) values (pid,'G1',6006.2208);
  insert into public.producto_precio (producto_id,grupo,precio) values (pid,'G2',6458.3019);
  insert into public.producto_precio (producto_id,grupo,precio) values (pid,'G3',6946.1004);
  insert into public.producto_precio (producto_id,grupo,precio) values (pid,'G4',7949.7219);
  insert into public.producto (codigo_sap,familia_codigo,nombre,descripcion,tipo_precio,unidad,moneda,espesor,requiere_medidas,aplica_descuento,orden) values ('CT-90100','CUBIERTAS','Cubierta rectangular 90 CM X 100 CM','SUMINISTRO DE CUBIERTA RECTANGULAR DE LAMINADO COMPACTO DE 12.7 MM DE ESPESOR MARCA THIN LAMINATES. MEDIDA FINAL: 90 CM X 100 CM. GARANTÍA EN LAMINADO COMPACTO. CANTO __','fijo','pieza','MXN','12 mm',false,true,47) returning producto_id into pid;
  insert into public.producto_precio (producto_id,grupo,precio) values (pid,'G1',3753.888);
  insert into public.producto_precio (producto_id,grupo,precio) values (pid,'G2',4036.4387);
  insert into public.producto_precio (producto_id,grupo,precio) values (pid,'G3',4341.3127);
  insert into public.producto_precio (producto_id,grupo,precio) values (pid,'G4',4968.5762);
  insert into public.producto (codigo_sap,familia_codigo,nombre,descripcion,tipo_precio,unidad,moneda,espesor,requiere_medidas,aplica_descuento,orden) values ('CT-90120','CUBIERTAS','Cubierta rectangular 90 CM X 120 CM','SUMINISTRO DE CUBIERTA RECTANGULAR DE LAMINADO COMPACTO DE 12.7 MM DE ESPESOR MARCA THIN LAMINATES. MEDIDA FINAL: 90 CM X 120 CM. GARANTÍA EN LAMINADO COMPACTO. CANTO __','fijo','pieza','MXN','12 mm',false,true,48) returning producto_id into pid;
  insert into public.producto_precio (producto_id,grupo,precio) values (pid,'G1',4504.6656);
  insert into public.producto_precio (producto_id,grupo,precio) values (pid,'G2',4843.7264);
  insert into public.producto_precio (producto_id,grupo,precio) values (pid,'G3',5209.5753);
  insert into public.producto_precio (producto_id,grupo,precio) values (pid,'G4',5962.2914);
  insert into public.producto (codigo_sap,familia_codigo,nombre,descripcion,tipo_precio,unidad,moneda,espesor,requiere_medidas,aplica_descuento,orden) values ('CT-90150','CUBIERTAS','Cubierta rectangular 90 CM X 150 CM','SUMINISTRO DE CUBIERTA RECTANGULAR DE LAMINADO COMPACTO DE 12.7 MM DE ESPESOR MARCA THIN LAMINATES. MEDIDA FINAL: 90 CM X 150 CM. GARANTÍA EN LAMINADO COMPACTO. CANTO __','fijo','pieza','MXN','12 mm',false,true,49) returning producto_id into pid;
  insert into public.producto_precio (producto_id,grupo,precio) values (pid,'G1',5630.832);
  insert into public.producto_precio (producto_id,grupo,precio) values (pid,'G2',6054.658);
  insert into public.producto_precio (producto_id,grupo,precio) values (pid,'G3',6511.9691);
  insert into public.producto_precio (producto_id,grupo,precio) values (pid,'G4',7452.8643);
  insert into public.producto (codigo_sap,familia_codigo,nombre,descripcion,tipo_precio,unidad,moneda,espesor,requiere_medidas,aplica_descuento,orden) values ('CT-90180','CUBIERTAS','Cubierta rectangular 90 CM X 180 CM','SUMINISTRO DE CUBIERTA RECTANGULAR DE LAMINADO COMPACTO DE 12.7 MM DE ESPESOR MARCA THIN LAMINATES. MEDIDA FINAL: 90 CM X 180 CM. GARANTÍA EN LAMINADO COMPACTO. CANTO __','fijo','pieza','MXN','12 mm',false,true,50) returning producto_id into pid;
  insert into public.producto_precio (producto_id,grupo,precio) values (pid,'G1',6756.9984);
  insert into public.producto_precio (producto_id,grupo,precio) values (pid,'G2',7265.5896);
  insert into public.producto_precio (producto_id,grupo,precio) values (pid,'G3',7814.3629);
  insert into public.producto_precio (producto_id,grupo,precio) values (pid,'G4',8943.4371);
  insert into public.producto (codigo_sap,familia_codigo,nombre,descripcion,tipo_precio,unidad,moneda,espesor,requiere_medidas,aplica_descuento,orden) values ('CT-100120','CUBIERTAS','Cubierta rectangular 100 CM X 120 CM','SUMINISTRO DE CUBIERTA RECTANGULAR DE LAMINADO COMPACTO DE 12.7 MM DE ESPESOR MARCA THIN LAMINATES. MEDIDA FINAL: 100 CM X 120 CM. GARANTÍA EN LAMINADO COMPACTO. CANTO __','fijo','pieza','MXN','12 mm',false,true,51) returning producto_id into pid;
  insert into public.producto_precio (producto_id,grupo,precio) values (pid,'G1',5005.184);
  insert into public.producto_precio (producto_id,grupo,precio) values (pid,'G2',5381.9182);
  insert into public.producto_precio (producto_id,grupo,precio) values (pid,'G3',5788.417);
  insert into public.producto_precio (producto_id,grupo,precio) values (pid,'G4',6624.7683);
  insert into public.producto (codigo_sap,familia_codigo,nombre,descripcion,tipo_precio,unidad,moneda,espesor,requiere_medidas,aplica_descuento,orden) values ('CT-100150','CUBIERTAS','Cubierta rectangular 100 CM X 150 CM','SUMINISTRO DE CUBIERTA RECTANGULAR DE LAMINADO COMPACTO DE 12.7 MM DE ESPESOR MARCA THIN LAMINATES. MEDIDA FINAL: 100 CM X 150 CM. GARANTÍA EN LAMINADO COMPACTO. CANTO __','fijo','pieza','MXN','12 mm',false,true,52) returning producto_id into pid;
  insert into public.producto_precio (producto_id,grupo,precio) values (pid,'G1',6256.48);
  insert into public.producto_precio (producto_id,grupo,precio) values (pid,'G2',6727.3978);
  insert into public.producto_precio (producto_id,grupo,precio) values (pid,'G3',7235.5212);
  insert into public.producto_precio (producto_id,grupo,precio) values (pid,'G4',8280.9603);
  insert into public.producto (codigo_sap,familia_codigo,nombre,descripcion,tipo_precio,unidad,moneda,espesor,requiere_medidas,aplica_descuento,orden) values ('CT-100180','CUBIERTAS','Cubierta rectangular 100 CM X 180 CM','SUMINISTRO DE CUBIERTA RECTANGULAR DE LAMINADO COMPACTO DE 12.7 MM DE ESPESOR MARCA THIN LAMINATES. MEDIDA FINAL: 100 CM X 180 CM. GARANTÍA EN LAMINADO COMPACTO. CANTO __','fijo','pieza','MXN','12 mm',false,true,53) returning producto_id into pid;
  insert into public.producto_precio (producto_id,grupo,precio) values (pid,'G1',7507.776);
  insert into public.producto_precio (producto_id,grupo,precio) values (pid,'G2',8072.8774);
  insert into public.producto_precio (producto_id,grupo,precio) values (pid,'G3',8682.6255);
  insert into public.producto_precio (producto_id,grupo,precio) values (pid,'G4',9937.1524);
  insert into public.producto (codigo_sap,familia_codigo,nombre,descripcion,tipo_precio,unidad,moneda,espesor,requiere_medidas,aplica_descuento,orden) values ('CT-120150','CUBIERTAS','Cubierta rectangular 120 CM X 150 CM','SUMINISTRO DE CUBIERTA RECTANGULAR DE LAMINADO COMPACTO DE 12.7 MM DE ESPESOR MARCA THIN LAMINATES. MEDIDA FINAL: 120 CM X 150 CM. GARANTÍA EN LAMINADO COMPACTO. CANTO __','fijo','pieza','MXN','12 mm',false,true,54) returning producto_id into pid;
  insert into public.producto_precio (producto_id,grupo,precio) values (pid,'G1',7507.776);
  insert into public.producto_precio (producto_id,grupo,precio) values (pid,'G2',8072.8774);
  insert into public.producto_precio (producto_id,grupo,precio) values (pid,'G3',8682.6255);
  insert into public.producto_precio (producto_id,grupo,precio) values (pid,'G4',9937.1524);
  insert into public.producto (codigo_sap,familia_codigo,nombre,descripcion,tipo_precio,unidad,moneda,espesor,requiere_medidas,aplica_descuento,orden) values ('CT-120180','CUBIERTAS','Cubierta rectangular 120 CM X 180 CM','SUMINISTRO DE CUBIERTA RECTANGULAR DE LAMINADO COMPACTO DE 12.7 MM DE ESPESOR MARCA THIN LAMINATES. MEDIDA FINAL: 120 CM X 180 CM. GARANTÍA EN LAMINADO COMPACTO. CANTO __','fijo','pieza','MXN','12 mm',false,true,55) returning producto_id into pid;
  insert into public.producto_precio (producto_id,grupo,precio) values (pid,'G1',9009.3311);
  insert into public.producto_precio (producto_id,grupo,precio) values (pid,'G2',9687.4528);
  insert into public.producto_precio (producto_id,grupo,precio) values (pid,'G3',10419.1506);
  insert into public.producto_precio (producto_id,grupo,precio) values (pid,'G4',11924.5829);
  insert into public.producto (codigo_sap,familia_codigo,nombre,descripcion,tipo_precio,unidad,moneda,espesor,requiere_medidas,aplica_descuento,orden) values ('LOQUADST','LOCKERS','Torre Locker Quad L.C. 4 puertas','','fijo','pieza','MXN','L.C.',false,true,1) returning producto_id into pid;
  insert into public.producto_precio (producto_id,grupo,precio) values (pid,'UNICO',13210.32);
  insert into public.producto (codigo_sap,familia_codigo,nombre,descripcion,tipo_precio,unidad,moneda,espesor,requiere_medidas,aplica_descuento,orden) values ('LOTRIPLEST','LOCKERS','Torre Locker Triple L.C. 3 puertas','','fijo','pieza','MXN','L.C.',false,true,2) returning producto_id into pid;
  insert into public.producto_precio (producto_id,grupo,precio) values (pid,'UNICO',13210.32);
  insert into public.producto (codigo_sap,familia_codigo,nombre,descripcion,tipo_precio,unidad,moneda,espesor,requiere_medidas,aplica_descuento,orden) values ('LOEJECST','LOCKERS','Torre Locker Ejecutivo L.C. 2 puertas','','fijo','pieza','MXN','L.C.',false,true,3) returning producto_id into pid;
  insert into public.producto_precio (producto_id,grupo,precio) values (pid,'UNICO',13210.32);
  insert into public.producto (codigo_sap,familia_codigo,nombre,descripcion,tipo_precio,unidad,moneda,espesor,requiere_medidas,aplica_descuento,orden) values ('LODOBLEST','LOCKERS','Torre Locker Doble L.C. 2 puertas','','fijo','pieza','MXN','L.C.',false,true,4) returning producto_id into pid;
  insert into public.producto_precio (producto_id,grupo,precio) values (pid,'UNICO',13210.32);
  insert into public.producto (codigo_sap,familia_codigo,nombre,descripcion,tipo_precio,unidad,moneda,espesor,requiere_medidas,aplica_descuento,orden) values ('L-100-Q','LOCKERS','Locker SMART Quad aluminio 4 puertas','','fijo','pieza','MXN','Aluminio',false,true,10) returning producto_id into pid;
  insert into public.producto_precio (producto_id,grupo,precio) values (pid,'UNICO',11776.7885);
  insert into public.producto (codigo_sap,familia_codigo,nombre,descripcion,tipo_precio,unidad,moneda,espesor,requiere_medidas,aplica_descuento,orden) values ('L-100-T','LOCKERS','Locker SMART Triple aluminio 3 puertas','','fijo','pieza','MXN','Aluminio',false,true,11) returning producto_id into pid;
  insert into public.producto_precio (producto_id,grupo,precio) values (pid,'UNICO',11776.7885);
  insert into public.producto (codigo_sap,familia_codigo,nombre,descripcion,tipo_precio,unidad,moneda,espesor,requiere_medidas,aplica_descuento,orden) values ('L-100-D','LOCKERS','Locker SMART Doble aluminio 2 puertas','','fijo','pieza','MXN','Aluminio',false,true,12) returning producto_id into pid;
  insert into public.producto_precio (producto_id,grupo,precio) values (pid,'UNICO',11776.7885);
  insert into public.producto (codigo_sap,familia_codigo,nombre,descripcion,tipo_precio,unidad,moneda,espesor,requiere_medidas,aplica_descuento,orden) values ('L-100-E','LOCKERS','Locker SMART Ejecutivo aluminio 2 puertas','','fijo','pieza','MXN','Aluminio',false,true,13) returning producto_id into pid;
  insert into public.producto_precio (producto_id,grupo,precio) values (pid,'UNICO',11776.7885);
  insert into public.producto (codigo_sap,familia_codigo,nombre,descripcion,tipo_precio,unidad,moneda,espesor,requiere_medidas,aplica_descuento,orden) values ('L-200-Q','LOCKERS','Locker SMART Quad aluminio 8 puertas','','fijo','pieza','MXN','Aluminio',false,true,14) returning producto_id into pid;
  insert into public.producto_precio (producto_id,grupo,precio) values (pid,'UNICO',22375.8982);
  insert into public.producto (codigo_sap,familia_codigo,nombre,descripcion,tipo_precio,unidad,moneda,espesor,requiere_medidas,aplica_descuento,orden) values ('L-200-T','LOCKERS','Locker SMART Triple aluminio 6 puertas','','fijo','pieza','MXN','Aluminio',false,true,15) returning producto_id into pid;
  insert into public.producto_precio (producto_id,grupo,precio) values (pid,'UNICO',22375.8982);
  insert into public.producto (codigo_sap,familia_codigo,nombre,descripcion,tipo_precio,unidad,moneda,espesor,requiere_medidas,aplica_descuento,orden) values ('L-200-E','LOCKERS','Locker SMART Ejecutivo aluminio 4 puertas','','fijo','pieza','MXN','Aluminio',false,true,16) returning producto_id into pid;
  insert into public.producto_precio (producto_id,grupo,precio) values (pid,'UNICO',22375.8982);
  insert into public.producto (codigo_sap,familia_codigo,nombre,descripcion,tipo_precio,unidad,moneda,espesor,requiere_medidas,aplica_descuento,orden) values ('L-300-Q','LOCKERS','Locker SMART Quad aluminio 12 puertas','','fijo','pieza','MXN','Aluminio',false,true,17) returning producto_id into pid;
  insert into public.producto_precio (producto_id,grupo,precio) values (pid,'UNICO',31796.1513);
  insert into public.producto (codigo_sap,familia_codigo,nombre,descripcion,tipo_precio,unidad,moneda,espesor,requiere_medidas,aplica_descuento,orden) values ('L-300-T','LOCKERS','Locker SMART Triple aluminio 9 puertas','','fijo','pieza','MXN','Aluminio',false,true,18) returning producto_id into pid;
  insert into public.producto_precio (producto_id,grupo,precio) values (pid,'UNICO',31796.1513);
  insert into public.producto (codigo_sap,familia_codigo,nombre,descripcion,tipo_precio,unidad,moneda,espesor,requiere_medidas,aplica_descuento,orden) values ('L-300-D','LOCKERS','Locker SMART Doble aluminio 6 puertas','','fijo','pieza','MXN','Aluminio',false,true,19) returning producto_id into pid;
  insert into public.producto_precio (producto_id,grupo,precio) values (pid,'UNICO',31796.1513);
  insert into public.producto (codigo_sap,familia_codigo,nombre,descripcion,tipo_precio,unidad,moneda,espesor,requiere_medidas,aplica_descuento,orden) values ('L-300-E','LOCKERS','Locker SMART Ejecutivo aluminio 6 puertas','','fijo','pieza','MXN','Aluminio',false,true,20) returning producto_id into pid;
  insert into public.producto_precio (producto_id,grupo,precio) values (pid,'UNICO',31796.1513);
  insert into public.producto (codigo_sap,familia_codigo,nombre,descripcion,tipo_precio,unidad,moneda,espesor,requiere_medidas,aplica_descuento,orden) values ('LO-ESP-SMART','LOCKERS','Locker especial SMART (por m²)','LOCKER ESPECIAL SMART FABRICADO EN LAMINADO COMPACTO. MEDIDA FINAL: __','m2','m2','MXN',null,true,true,30) returning producto_id into pid;
  insert into public.producto_precio (producto_id,grupo,precio) values (pid,'3mm',2447.1633);
  insert into public.producto_precio (producto_id,grupo,precio) values (pid,'6mm',2885.0999);
  insert into public.producto_precio (producto_id,grupo,precio) values (pid,'9mm',3542.9793);
  insert into public.producto_precio (producto_id,grupo,precio) values (pid,'12mm',3892.9209);
  insert into public.producto (codigo_sap,familia_codigo,nombre,descripcion,tipo_precio,unidad,moneda,espesor,requiere_medidas,aplica_descuento,orden) values ('LO-ESP-PRO','LOCKERS','Locker especial PRO (por m²)','LOCKER ESPECIAL PRO FABRICADO EN LAMINADO COMPACTO. MEDIDA FINAL: __','m2','m2','MXN',null,true,true,31) returning producto_id into pid;
  insert into public.producto_precio (producto_id,grupo,precio) values (pid,'3mm',2796.758);
  insert into public.producto_precio (producto_id,grupo,precio) values (pid,'12mm',4170.9866);
  insert into public.producto (codigo_sap,familia_codigo,nombre,descripcion,tipo_precio,unidad,moneda,espesor,requiere_medidas,aplica_descuento,orden) values ('LOESPECIAL','VESTIDORES','Vestidor de línea (PRO)','VESTIDOR MARCA THIN LAMINATES FABRICADO DE LAMINADO COMPACTO.','fijo','pieza','MXN','L.C.',false,true,1) returning producto_id into pid;
  insert into public.producto_precio (producto_id,grupo,precio) values (pid,'UNICO',18287.94);
  insert into public.producto (codigo_sap,familia_codigo,nombre,descripcion,tipo_precio,unidad,moneda,espesor,requiere_medidas,aplica_descuento,orden) values ('VEST-ESP','VESTIDORES','Vestidor especial (por m²)','VESTIDOR ESPECIAL FABRICADO EN LAMINADO COMPACTO. MEDIDA FINAL: __','m2','m2','MXN',null,true,true,2) returning producto_id into pid;
  insert into public.producto_precio (producto_id,grupo,precio) values (pid,'12mm',4170.9866);
  insert into public.producto (codigo_sap,familia_codigo,nombre,descripcion,tipo_precio,unidad,moneda,espesor,requiere_medidas,aplica_descuento,orden) values ('CP-001','BANCAS','Paleta de pupitre CP-001 (negro/blanco/alumina)','','fijo','pieza','MXN','9 mm',false,true,1) returning producto_id into pid;
  insert into public.producto_precio (producto_id,grupo,precio) values (pid,'UNICO',1090.99);
  insert into public.producto (codigo_sap,familia_codigo,nombre,descripcion,tipo_precio,unidad,moneda,espesor,requiere_medidas,aplica_descuento,orden) values ('CP-002','BANCAS','Paleta de pupitre CP-002 (negro/blanco/alumina)','','fijo','pieza','MXN','9 mm',false,true,2) returning producto_id into pid;
  insert into public.producto_precio (producto_id,grupo,precio) values (pid,'UNICO',1097.94);
  insert into public.producto (codigo_sap,familia_codigo,nombre,descripcion,tipo_precio,unidad,moneda,espesor,requiere_medidas,aplica_descuento,orden) values ('CP-003','BANCAS','Paleta de pupitre CP-003 (negro/blanco/alumina)','','fijo','pieza','MXN','9 mm',false,true,3) returning producto_id into pid;
  insert into public.producto_precio (producto_id,grupo,precio) values (pid,'UNICO',947.43);
  insert into public.producto (codigo_sap,familia_codigo,nombre,descripcion,tipo_precio,unidad,moneda,espesor,requiere_medidas,aplica_descuento,orden) values ('BAR-76','BANCAS','Banca 76 cm (G1)','','fijo','pieza','MXN','12 mm',false,true,4) returning producto_id into pid;
  insert into public.producto_precio (producto_id,grupo,precio) values (pid,'G1',2423.3432);
  insert into public.producto (codigo_sap,familia_codigo,nombre,descripcion,tipo_precio,unidad,moneda,espesor,requiere_medidas,aplica_descuento,orden) values ('BAR-90','BANCAS','Banca 90 cm (G1)','','fijo','pieza','MXN','12 mm',false,true,5) returning producto_id into pid;
  insert into public.producto_precio (producto_id,grupo,precio) values (pid,'G1',2627.7216);
  insert into public.producto (codigo_sap,familia_codigo,nombre,descripcion,tipo_precio,unidad,moneda,espesor,requiere_medidas,aplica_descuento,orden) values ('BAR-114','BANCAS','Banca 114 cm (G1)','','fijo','pieza','MXN','12 mm',false,true,6) returning producto_id into pid;
  insert into public.producto_precio (producto_id,grupo,precio) values (pid,'G1',2978.0845);
  insert into public.producto (codigo_sap,familia_codigo,nombre,descripcion,tipo_precio,unidad,moneda,espesor,requiere_medidas,aplica_descuento,orden) values ('BAR-152','BANCAS','Banca 152 cm (G1)','','fijo','pieza','MXN','12 mm',false,true,7) returning producto_id into pid;
  insert into public.producto_precio (producto_id,grupo,precio) values (pid,'G1',3532.8257);
  insert into public.producto (codigo_sap,familia_codigo,nombre,descripcion,tipo_precio,unidad,moneda,espesor,requiere_medidas,aplica_descuento,orden) values ('BAR-ESP','BANCAS','Banca especial (por m² G1)','BANCA ESPECIAL LAMINADO COMPACTO. MEDIDA FINAL: __','m2','m2','MXN',null,true,true,8) returning producto_id into pid;
  insert into public.producto_precio (producto_id,grupo,precio) values (pid,'G1',4170.9866);
  insert into public.producto (codigo_sap,familia_codigo,nombre,descripcion,tipo_precio,unidad,moneda,espesor,requiere_medidas,aplica_descuento,orden) values ('EB10396-25','GRADO_LAB','Sólido fenólico 25mm 5x12 lab BLANCO Wilsonart','','fijo','pieza','MXN',null,false,true,1) returning producto_id into pid;
  insert into public.producto_precio (producto_id,grupo,precio) values (pid,'G1',31076);
  insert into public.producto (codigo_sap,familia_codigo,nombre,descripcion,tipo_precio,unidad,moneda,espesor,requiere_medidas,aplica_descuento,orden) values ('EB10296-25','GRADO_LAB','Sólido fenólico 25mm 5x12 lab GRIS Wilsonart','','fijo','pieza','MXN',null,false,true,2) returning producto_id into pid;
  insert into public.producto_precio (producto_id,grupo,precio) values (pid,'G1',31076);
  insert into public.producto (codigo_sap,familia_codigo,nombre,descripcion,tipo_precio,unidad,moneda,espesor,requiere_medidas,aplica_descuento,orden) values ('EB10196-25','GRADO_LAB','Sólido fenólico 25mm 5x12 lab NEGRO Wilsonart','','fijo','pieza','MXN',null,false,true,3) returning producto_id into pid;
  insert into public.producto_precio (producto_id,grupo,precio) values (pid,'G1',31076);
  insert into public.producto (codigo_sap,familia_codigo,nombre,descripcion,tipo_precio,unidad,moneda,espesor,requiere_medidas,aplica_descuento,orden) values ('EB10396-19','GRADO_LAB','Sólido fenólico 19mm 5x12 lab BLANCO Wilsonart','','fijo','pieza','MXN',null,false,true,4) returning producto_id into pid;
  insert into public.producto_precio (producto_id,grupo,precio) values (pid,'G1',18280);
  insert into public.producto (codigo_sap,familia_codigo,nombre,descripcion,tipo_precio,unidad,moneda,espesor,requiere_medidas,aplica_descuento,orden) values ('EB10296-19','GRADO_LAB','Sólido fenólico 19mm 5x12 lab GRIS Wilsonart','','fijo','pieza','MXN',null,false,true,5) returning producto_id into pid;
  insert into public.producto_precio (producto_id,grupo,precio) values (pid,'G1',18280);
  insert into public.producto (codigo_sap,familia_codigo,nombre,descripcion,tipo_precio,unidad,moneda,espesor,requiere_medidas,aplica_descuento,orden) values ('EB10196-19','GRADO_LAB','Sólido fenólico 19mm 5x12 lab NEGRO Wilsonart','','fijo','pieza','MXN',null,false,true,6) returning producto_id into pid;
  insert into public.producto_precio (producto_id,grupo,precio) values (pid,'G1',18280);
  insert into public.producto (codigo_sap,familia_codigo,nombre,descripcion,tipo_precio,unidad,moneda,espesor,requiere_medidas,aplica_descuento,orden) values ('EB10196-12','GRADO_LAB','Sólido fenólico 12mm 5x12 lab NEGRO Wilsonart','','fijo','pieza','MXN',null,false,true,7) returning producto_id into pid;
  insert into public.producto_precio (producto_id,grupo,precio) values (pid,'G1',15158);
  insert into public.producto (codigo_sap,familia_codigo,nombre,descripcion,tipo_precio,unidad,moneda,espesor,requiere_medidas,aplica_descuento,orden) values ('EB10396-12','GRADO_LAB','Sólido fenólico 12mm 5x12 lab BLANCO Wilsonart','','fijo','pieza','MXN',null,false,true,8) returning producto_id into pid;
  insert into public.producto_precio (producto_id,grupo,precio) values (pid,'G1',15158);
  insert into public.producto (codigo_sap,familia_codigo,nombre,descripcion,tipo_precio,unidad,moneda,espesor,requiere_medidas,aplica_descuento,orden) values ('EB10296-12','GRADO_LAB','Sólido fenólico 12mm 5x12 lab GRIS Wilsonart','','fijo','pieza','MXN',null,false,true,9) returning producto_id into pid;
  insert into public.producto_precio (producto_id,grupo,precio) values (pid,'G1',15158);
  insert into public.producto (codigo_sap,familia_codigo,nombre,descripcion,tipo_precio,unidad,moneda,espesor,requiere_medidas,aplica_descuento,orden) values ('PANELEX-UNIC-4mm-DB','PANELEX','Panelex UNICOLORES 4mm 2 caras','PANEL PANELEX UNICOLORES 4mm (2 caras). PRECIO POR m².','m2','m2','MXN','4mm',true,true,1) returning producto_id into pid;
  insert into public.producto_precio (producto_id,grupo,precio) values (pid,'MT',65.4286);
  insert into public.producto_precio (producto_id,grupo,precio) values (pid,'SM',73.1429);
  insert into public.producto_precio (producto_id,grupo,precio) values (pid,'BR',73.1429);
  insert into public.producto (codigo_sap,familia_codigo,nombre,descripcion,tipo_precio,unidad,moneda,espesor,requiere_medidas,aplica_descuento,orden) values ('PANELEX-UNIC-6mm-UF','PANELEX','Panelex UNICOLORES 6mm 1 cara','PANEL PANELEX UNICOLORES 6mm (1 cara). PRECIO POR m².','m2','m2','MXN','6mm',true,true,2) returning producto_id into pid;
  insert into public.producto_precio (producto_id,grupo,precio) values (pid,'MT',77.2);
  insert into public.producto_precio (producto_id,grupo,precio) values (pid,'SM',94.3571);
  insert into public.producto_precio (producto_id,grupo,precio) values (pid,'BR',94.3571);
  insert into public.producto (codigo_sap,familia_codigo,nombre,descripcion,tipo_precio,unidad,moneda,espesor,requiere_medidas,aplica_descuento,orden) values ('PANELEX-UNIC-6mm-DB','PANELEX','Panelex UNICOLORES 6mm 2 caras','PANEL PANELEX UNICOLORES 6mm (2 caras). PRECIO POR m².','m2','m2','MXN','6mm',true,true,3) returning producto_id into pid;
  insert into public.producto_precio (producto_id,grupo,precio) values (pid,'MT',70.8143);
  insert into public.producto_precio (producto_id,grupo,precio) values (pid,'SM',81.9429);
  insert into public.producto_precio (producto_id,grupo,precio) values (pid,'BR',81.9429);
  insert into public.producto (codigo_sap,familia_codigo,nombre,descripcion,tipo_precio,unidad,moneda,espesor,requiere_medidas,aplica_descuento,orden) values ('PANELEX-UNIC-8mm-UF','PANELEX','Panelex UNICOLORES 8mm 1 cara','PANEL PANELEX UNICOLORES 8mm (1 cara). PRECIO POR m².','m2','m2','MXN','8mm',true,true,4) returning producto_id into pid;
  insert into public.producto_precio (producto_id,grupo,precio) values (pid,'MT',78.7429);
  insert into public.producto_precio (producto_id,grupo,precio) values (pid,'SM',105.9286);
  insert into public.producto_precio (producto_id,grupo,precio) values (pid,'BR',105.9286);
  insert into public.producto (codigo_sap,familia_codigo,nombre,descripcion,tipo_precio,unidad,moneda,espesor,requiere_medidas,aplica_descuento,orden) values ('PANELEX-UNIC-8mm-DB','PANELEX','Panelex UNICOLORES 8mm 2 caras','PANEL PANELEX UNICOLORES 8mm (2 caras). PRECIO POR m².','m2','m2','MXN','8mm',true,true,5) returning producto_id into pid;
  insert into public.producto_precio (producto_id,grupo,precio) values (pid,'MT',86.9857);
  insert into public.producto_precio (producto_id,grupo,precio) values (pid,'SM',98.1143);
  insert into public.producto_precio (producto_id,grupo,precio) values (pid,'BR',98.1143);
  insert into public.producto (codigo_sap,familia_codigo,nombre,descripcion,tipo_precio,unidad,moneda,espesor,requiere_medidas,aplica_descuento,orden) values ('PANELEX-MADE-4mm-DB','PANELEX','Panelex MADERA 4mm 2 caras','PANEL PANELEX MADERA 4mm (2 caras). PRECIO POR m².','m2','m2','MXN','4mm',true,true,6) returning producto_id into pid;
  insert into public.producto_precio (producto_id,grupo,precio) values (pid,'MT',68.7);
  insert into public.producto_precio (producto_id,grupo,precio) values (pid,'SM',76.3);
  insert into public.producto_precio (producto_id,grupo,precio) values (pid,'BR',76.3);
  insert into public.producto (codigo_sap,familia_codigo,nombre,descripcion,tipo_precio,unidad,moneda,espesor,requiere_medidas,aplica_descuento,orden) values ('PANELEX-MADE-6mm-UF','PANELEX','Panelex MADERA 6mm 1 cara','PANEL PANELEX MADERA 6mm (1 cara). PRECIO POR m².','m2','m2','MXN','6mm',true,true,7) returning producto_id into pid;
  insert into public.producto_precio (producto_id,grupo,precio) values (pid,'MT',81.0714);
  insert into public.producto_precio (producto_id,grupo,precio) values (pid,'SM',98.4286);
  insert into public.producto_precio (producto_id,grupo,precio) values (pid,'BR',98.4286);
  insert into public.producto (codigo_sap,familia_codigo,nombre,descripcion,tipo_precio,unidad,moneda,espesor,requiere_medidas,aplica_descuento,orden) values ('PANELEX-MADE-6mm-DB','PANELEX','Panelex MADERA 6mm 2 caras','PANEL PANELEX MADERA 6mm (2 caras). PRECIO POR m².','m2','m2','MXN','6mm',true,true,8) returning producto_id into pid;
  insert into public.producto_precio (producto_id,grupo,precio) values (pid,'MT',74.3714);
  insert into public.producto_precio (producto_id,grupo,precio) values (pid,'SM',85.5);
  insert into public.producto_precio (producto_id,grupo,precio) values (pid,'BR',85.5);
  insert into public.producto (codigo_sap,familia_codigo,nombre,descripcion,tipo_precio,unidad,moneda,espesor,requiere_medidas,aplica_descuento,orden) values ('PANELEX-MADE-8mm-UF','PANELEX','Panelex MADERA 8mm 1 cara','PANEL PANELEX MADERA 8mm (1 cara). PRECIO POR m².','m2','m2','MXN','8mm',true,true,9) returning producto_id into pid;
  insert into public.producto_precio (producto_id,grupo,precio) values (pid,'MT',82.6857);
  insert into public.producto_precio (producto_id,grupo,precio) values (pid,'SM',110.1143);
  insert into public.producto_precio (producto_id,grupo,precio) values (pid,'BR',110.1143);
  insert into public.producto (codigo_sap,familia_codigo,nombre,descripcion,tipo_precio,unidad,moneda,espesor,requiere_medidas,aplica_descuento,orden) values ('PANELEX-MADE-8mm-DB','PANELEX','Panelex MADERA 8mm 2 caras','PANEL PANELEX MADERA 8mm (2 caras). PRECIO POR m².','m2','m2','MXN','8mm',true,true,10) returning producto_id into pid;
  insert into public.producto_precio (producto_id,grupo,precio) values (pid,'MT',91.3429);
  insert into public.producto_precio (producto_id,grupo,precio) values (pid,'SM',102.4714);
  insert into public.producto_precio (producto_id,grupo,precio) values (pid,'BR',102.4714);
  insert into public.producto (codigo_sap,familia_codigo,nombre,descripcion,tipo_precio,unidad,moneda,espesor,requiere_medidas,aplica_descuento,orden) values ('PANELEX-DISE-4mm-DB','PANELEX','Panelex DISEÑOS EXCLUSIVOS / GRANITOS Y MÁRMOLES / METALIZADOS 4mm 2 caras','PANEL PANELEX DISEÑOS EXCLUSIVOS / GRANITOS Y MÁRMOLES / METALIZADOS 4mm (2 caras). PRECIO POR m².','m2','m2','MXN','4mm',true,true,11) returning producto_id into pid;
  insert into public.producto_precio (producto_id,grupo,precio) values (pid,'MT',68.7);
  insert into public.producto_precio (producto_id,grupo,precio) values (pid,'SM',76.3);
  insert into public.producto_precio (producto_id,grupo,precio) values (pid,'BR',76.3);
  insert into public.producto (codigo_sap,familia_codigo,nombre,descripcion,tipo_precio,unidad,moneda,espesor,requiere_medidas,aplica_descuento,orden) values ('PANELEX-DISE-6mm-UF','PANELEX','Panelex DISEÑOS EXCLUSIVOS / GRANITOS Y MÁRMOLES / METALIZADOS 6mm 1 cara','PANEL PANELEX DISEÑOS EXCLUSIVOS / GRANITOS Y MÁRMOLES / METALIZADOS 6mm (1 cara). PRECIO POR m².','m2','m2','MXN','6mm',true,true,12) returning producto_id into pid;
  insert into public.producto_precio (producto_id,grupo,precio) values (pid,'MT',81.0714);
  insert into public.producto_precio (producto_id,grupo,precio) values (pid,'SM',98.4286);
  insert into public.producto_precio (producto_id,grupo,precio) values (pid,'BR',98.4286);
  insert into public.producto (codigo_sap,familia_codigo,nombre,descripcion,tipo_precio,unidad,moneda,espesor,requiere_medidas,aplica_descuento,orden) values ('PANELEX-DISE-6mm-DB','PANELEX','Panelex DISEÑOS EXCLUSIVOS / GRANITOS Y MÁRMOLES / METALIZADOS 6mm 2 caras','PANEL PANELEX DISEÑOS EXCLUSIVOS / GRANITOS Y MÁRMOLES / METALIZADOS 6mm (2 caras). PRECIO POR m².','m2','m2','MXN','6mm',true,true,13) returning producto_id into pid;
  insert into public.producto_precio (producto_id,grupo,precio) values (pid,'MT',74.3571);
  insert into public.producto_precio (producto_id,grupo,precio) values (pid,'SM',85.5);
  insert into public.producto_precio (producto_id,grupo,precio) values (pid,'BR',85.5);
  insert into public.producto (codigo_sap,familia_codigo,nombre,descripcion,tipo_precio,unidad,moneda,espesor,requiere_medidas,aplica_descuento,orden) values ('PANELEX-DISE-8mm-UF','PANELEX','Panelex DISEÑOS EXCLUSIVOS / GRANITOS Y MÁRMOLES / METALIZADOS 8mm 1 cara','PANEL PANELEX DISEÑOS EXCLUSIVOS / GRANITOS Y MÁRMOLES / METALIZADOS 8mm (1 cara). PRECIO POR m².','m2','m2','MXN','8mm',true,true,14) returning producto_id into pid;
  insert into public.producto_precio (producto_id,grupo,precio) values (pid,'MT',87.8429);
  insert into public.producto_precio (producto_id,grupo,precio) values (pid,'SM',110.1143);
  insert into public.producto_precio (producto_id,grupo,precio) values (pid,'BR',110.1143);
  insert into public.producto (codigo_sap,familia_codigo,nombre,descripcion,tipo_precio,unidad,moneda,espesor,requiere_medidas,aplica_descuento,orden) values ('PANELEX-DISE-8mm-DB','PANELEX','Panelex DISEÑOS EXCLUSIVOS / GRANITOS Y MÁRMOLES / METALIZADOS 8mm 2 caras','PANEL PANELEX DISEÑOS EXCLUSIVOS / GRANITOS Y MÁRMOLES / METALIZADOS 8mm (2 caras). PRECIO POR m².','m2','m2','MXN','8mm',true,true,15) returning producto_id into pid;
  insert into public.producto_precio (producto_id,grupo,precio) values (pid,'MT',91.3429);
  insert into public.producto_precio (producto_id,grupo,precio) values (pid,'SM',102.4714);
  insert into public.producto_precio (producto_id,grupo,precio) values (pid,'BR',102.4714);
  insert into public.producto (codigo_sap,familia_codigo,nombre,descripcion,tipo_precio,unidad,moneda,espesor,requiere_medidas,aplica_descuento,orden) values ('PANELEX-YOUL-4mm-DB','PANELEX','Panelex YOULAB / IMPRESIÓN DIGITAL 4mm 2 caras','PANEL PANELEX YOULAB / IMPRESIÓN DIGITAL 4mm (2 caras). PRECIO POR m².','m2','m2','MXN','4mm',true,true,16) returning producto_id into pid;
  insert into public.producto_precio (producto_id,grupo,precio) values (pid,'MT',94.8714);
  insert into public.producto_precio (producto_id,grupo,precio) values (pid,'SM',100.3429);
  insert into public.producto_precio (producto_id,grupo,precio) values (pid,'BR',100.3429);
  insert into public.producto (codigo_sap,familia_codigo,nombre,descripcion,tipo_precio,unidad,moneda,espesor,requiere_medidas,aplica_descuento,orden) values ('PANELEX-YOUL-6mm-UF','PANELEX','Panelex YOULAB / IMPRESIÓN DIGITAL 6mm 1 cara','PANEL PANELEX YOULAB / IMPRESIÓN DIGITAL 6mm (1 cara). PRECIO POR m².','m2','m2','MXN','6mm',true,true,17) returning producto_id into pid;
  insert into public.producto_precio (producto_id,grupo,precio) values (pid,'MT',136.6143);
  insert into public.producto_precio (producto_id,grupo,precio) values (pid,'SM',149.5143);
  insert into public.producto_precio (producto_id,grupo,precio) values (pid,'BR',149.5143);
  insert into public.producto (codigo_sap,familia_codigo,nombre,descripcion,tipo_precio,unidad,moneda,espesor,requiere_medidas,aplica_descuento,orden) values ('PANELEX-YOUL-6mm-DB','PANELEX','Panelex YOULAB / IMPRESIÓN DIGITAL 6mm 2 caras','PANEL PANELEX YOULAB / IMPRESIÓN DIGITAL 6mm (2 caras). PRECIO POR m².','m2','m2','MXN','6mm',true,true,18) returning producto_id into pid;
  insert into public.producto_precio (producto_id,grupo,precio) values (pid,'MT',102.6143);
  insert into public.producto_precio (producto_id,grupo,precio) values (pid,'SM',113.7429);
  insert into public.producto_precio (producto_id,grupo,precio) values (pid,'BR',113.7429);
  insert into public.producto (codigo_sap,familia_codigo,nombre,descripcion,tipo_precio,unidad,moneda,espesor,requiere_medidas,aplica_descuento,orden) values ('PANELEX-YOUL-8mm-UF','PANELEX','Panelex YOULAB / IMPRESIÓN DIGITAL 8mm 1 cara','PANEL PANELEX YOULAB / IMPRESIÓN DIGITAL 8mm (1 cara). PRECIO POR m².','m2','m2','MXN','8mm',true,true,19) returning producto_id into pid;
  insert into public.producto_precio (producto_id,grupo,precio) values (pid,'MT',147.2714);
  insert into public.producto_precio (producto_id,grupo,precio) values (pid,'SM',169.5286);
  insert into public.producto_precio (producto_id,grupo,precio) values (pid,'BR',169.5286);
  insert into public.producto (codigo_sap,familia_codigo,nombre,descripcion,tipo_precio,unidad,moneda,espesor,requiere_medidas,aplica_descuento,orden) values ('PANELEX-YOUL-8mm-DB','PANELEX','Panelex YOULAB / IMPRESIÓN DIGITAL 8mm 2 caras','PANEL PANELEX YOULAB / IMPRESIÓN DIGITAL 8mm (2 caras). PRECIO POR m².','m2','m2','MXN','8mm',true,true,20) returning producto_id into pid;
  insert into public.producto_precio (producto_id,grupo,precio) values (pid,'MT',118.7857);
  insert into public.producto_precio (producto_id,grupo,precio) values (pid,'SM',129.9143);
  insert into public.producto_precio (producto_id,grupo,precio) values (pid,'BR',129.9143);
  insert into public.producto (codigo_sap,familia_codigo,nombre,descripcion,tipo_precio,unidad,moneda,espesor,requiere_medidas,aplica_descuento,orden) values ('PLACA-LAM-ROBLE-48','PLACAS','Lamitech Roble Lineal/Italian Walnut 4x8 12.5mm UV','','fijo','pieza','MXN','12.5 mm',false,true,1) returning producto_id into pid;
  insert into public.producto_precio (producto_id,grupo,precio) values (pid,'UNICO',7775.52);
  insert into public.producto (codigo_sap,familia_codigo,nombre,descripcion,tipo_precio,unidad,moneda,espesor,requiere_medidas,aplica_descuento,orden) values ('PLACA-LAM-ATENAS-48','PLACAS','Lamitech Atenas/Tizano/Concrete 4x8 12.5mm UV','','fijo','pieza','MXN','12.5 mm',false,true,2) returning producto_id into pid;
  insert into public.producto_precio (producto_id,grupo,precio) values (pid,'UNICO',8572.5);
  insert into public.producto (codigo_sap,familia_codigo,nombre,descripcion,tipo_precio,unidad,moneda,espesor,requiere_medidas,aplica_descuento,orden) values ('PLACA-LAM-ATENAS-410','PLACAS','Lamitech Atenas/Tizano/Concrete 4x10 12.5mm UV','','fijo','pieza','MXN','12.5 mm',false,true,3) returning producto_id into pid;
  insert into public.producto_precio (producto_id,grupo,precio) values (pid,'UNICO',10750.77);
  insert into public.producto (codigo_sap,familia_codigo,nombre,descripcion,tipo_precio,unidad,moneda,espesor,requiere_medidas,aplica_descuento,orden) values ('PLACA-LAM-ROBLE-410','PLACAS','Lamitech Roble Lineal/Italian Walnut 4x10 12.5mm UV','','fijo','pieza','MXN','12.5 mm',false,true,4) returning producto_id into pid;
  insert into public.producto_precio (producto_id,grupo,precio) values (pid,'UNICO',9751.26);
  insert into public.producto (codigo_sap,familia_codigo,nombre,descripcion,tipo_precio,unidad,moneda,espesor,requiere_medidas,aplica_descuento,orden) values ('PLACA-LAM-DIG-410-C','PLACAS','Lamitech Digital 1 cara negro core café 4x10 12.5mm','','fijo','pieza','MXN','12.5 mm',false,true,5) returning producto_id into pid;
  insert into public.producto_precio (producto_id,grupo,precio) values (pid,'UNICO',11858.07);
  insert into public.producto (codigo_sap,familia_codigo,nombre,descripcion,tipo_precio,unidad,moneda,espesor,requiere_medidas,aplica_descuento,orden) values ('PLACA-LAM-DIG-410-N','PLACAS','Lamitech Digital 1 cara negro core negro 4x10 12.5mm','','fijo','pieza','MXN','12.5 mm',false,true,6) returning producto_id into pid;
  insert into public.producto_precio (producto_id,grupo,precio) values (pid,'UNICO',13073.57);
  insert into public.producto (codigo_sap,familia_codigo,nombre,descripcion,tipo_precio,unidad,moneda,espesor,requiere_medidas,aplica_descuento,orden) values ('PLACA-RALPH-6MM','PLACAS','Ralph 6mm negro 5x12','','fijo','pieza','MXN','12.5 mm',false,true,7) returning producto_id into pid;
  insert into public.producto_precio (producto_id,grupo,precio) values (pid,'UNICO',6607.66);
  insert into public.producto (codigo_sap,familia_codigo,nombre,descripcion,tipo_precio,unidad,moneda,espesor,requiere_medidas,aplica_descuento,orden) values ('G-LOCKER','ACCESORIOS','Grabado a láser por número/diseño 30x30cm máx','','fijo','pieza','MXN',null,false,true,1) returning producto_id into pid;
  insert into public.producto_precio (producto_id,grupo,precio) values (pid,'UNICO',120);
  insert into public.producto (codigo_sap,familia_codigo,nombre,descripcion,tipo_precio,unidad,moneda,espesor,requiere_medidas,aplica_descuento,orden) values ('FE4161','ACCESORIOS','Pata niveladora locker aluminio 10cm','','fijo','pieza','MXN',null,false,true,2) returning producto_id into pid;
  insert into public.producto_precio (producto_id,grupo,precio) values (pid,'UNICO',60);
  insert into public.producto (codigo_sap,familia_codigo,nombre,descripcion,tipo_precio,unidad,moneda,espesor,requiere_medidas,aplica_descuento,orden) values ('RP-LOCKER','ACCESORIOS','Ranura tradicional (L:15cm x A:1.1cm x pieza)','','fijo','pieza','MXN',null,false,true,3) returning producto_id into pid;
  insert into public.producto_precio (producto_id,grupo,precio) values (pid,'UNICO',50);
  insert into public.producto (codigo_sap,familia_codigo,nombre,descripcion,tipo_precio,unidad,moneda,espesor,requiere_medidas,aplica_descuento,orden) values ('GANCHO','ACCESORIOS','Gancho para colgar','','fijo','pieza','MXN',null,false,true,4) returning producto_id into pid;
  insert into public.producto_precio (producto_id,grupo,precio) values (pid,'UNICO',97.5);
  insert into public.producto (codigo_sap,familia_codigo,nombre,descripcion,tipo_precio,unidad,moneda,espesor,requiere_medidas,aplica_descuento,orden) values ('TO0021','ACCESORIOS','Tubo para colgar','','fijo','pieza','MXN',null,false,true,5) returning producto_id into pid;
  insert into public.producto_precio (producto_id,grupo,precio) values (pid,'UNICO',209);
  insert into public.producto (codigo_sap,familia_codigo,nombre,descripcion,tipo_precio,unidad,moneda,espesor,requiere_medidas,aplica_descuento,orden) values ('ZOCLO-127','ACCESORIOS','Zoclo lateral 12.7mm','','fijo','pieza','MXN',null,false,true,6) returning producto_id into pid;
  insert into public.producto_precio (producto_id,grupo,precio) values (pid,'UNICO',170);
  insert into public.producto (codigo_sap,familia_codigo,nombre,descripcion,tipo_precio,unidad,moneda,espesor,requiere_medidas,aplica_descuento,orden) values ('HERRAJES','ACCESORIOS','Herrajes por puerta','','fijo','pieza','MXN',null,false,true,7) returning producto_id into pid;
  insert into public.producto_precio (producto_id,grupo,precio) values (pid,'UNICO',150);
  insert into public.producto (codigo_sap,familia_codigo,nombre,descripcion,tipo_precio,unidad,moneda,espesor,requiere_medidas,aplica_descuento,orden) values ('C-HEFELE','ACCESORIOS','Cerradura Hafele 22mm para locker','','fijo','pieza','MXN',null,false,true,8) returning producto_id into pid;
  insert into public.producto_precio (producto_id,grupo,precio) values (pid,'UNICO',265.78);
  insert into public.producto (codigo_sap,familia_codigo,nombre,descripcion,tipo_precio,unidad,moneda,espesor,requiere_medidas,aplica_descuento,orden) values ('C-RIVEN','ACCESORIOS','Cerradura horizontal Riven 4 dígitos con llave maestra','','fijo','pieza','MXN',null,false,true,9) returning producto_id into pid;
  insert into public.producto_precio (producto_id,grupo,precio) values (pid,'UNICO',235);
  insert into public.producto (codigo_sap,familia_codigo,nombre,descripcion,tipo_precio,unidad,moneda,espesor,requiere_medidas,aplica_descuento,orden) values ('KPC','ACCESORIOS','Kit de portacandado para locker','','fijo','pieza','MXN',null,false,true,10) returning producto_id into pid;
  insert into public.producto_precio (producto_id,grupo,precio) values (pid,'UNICO',78.38);
  insert into public.producto (codigo_sap,familia_codigo,nombre,descripcion,tipo_precio,unidad,moneda,espesor,requiere_medidas,aplica_descuento,orden) values ('KJL81','ACCESORIOS','Kit de jaladera aluminio para locker','','fijo','pieza','MXN',null,false,true,11) returning producto_id into pid;
  insert into public.producto_precio (producto_id,grupo,precio) values (pid,'UNICO',25);
  insert into public.producto (codigo_sap,familia_codigo,nombre,descripcion,tipo_precio,unidad,moneda,espesor,requiere_medidas,aplica_descuento,orden) values ('KEB','ACCESORIOS','Kit de 1 escuadra con 2 tornillos T4','','fijo','pieza','MXN',null,false,true,12) returning producto_id into pid;
  insert into public.producto_precio (producto_id,grupo,precio) values (pid,'UNICO',50);
  insert into public.producto (codigo_sap,familia_codigo,nombre,descripcion,tipo_precio,unidad,moneda,espesor,requiere_medidas,aplica_descuento,orden) values ('T4','ACCESORIOS','Tornillo T4','','fijo','pieza','MXN',null,false,true,13) returning producto_id into pid;
  insert into public.producto_precio (producto_id,grupo,precio) values (pid,'UNICO',6.39);
  insert into public.producto (codigo_sap,familia_codigo,nombre,descripcion,tipo_precio,unidad,moneda,espesor,requiere_medidas,aplica_descuento,orden) values ('C-GL7P','ACCESORIOS','Cerradura electrónica con teclado Gatner GL7P para locker','','fijo','pieza','MXN',null,false,true,14) returning producto_id into pid;
  insert into public.producto_precio (producto_id,grupo,precio) values (pid,'UNICO',170.35);
  insert into public.producto (codigo_sap,familia_codigo,nombre,descripcion,tipo_precio,unidad,moneda,espesor,requiere_medidas,aplica_descuento,orden) values ('G-921727','ACCESORIOS','Cerradura electrónica Gatner GAT ECO 7100 NW BA','','fijo','pieza','MXN',null,false,true,15) returning producto_id into pid;
  insert into public.producto_precio (producto_id,grupo,precio) values (pid,'UNICO',141.4);
  insert into public.producto (codigo_sap,familia_codigo,nombre,descripcion,tipo_precio,unidad,moneda,espesor,requiere_medidas,aplica_descuento,orden) values ('GAT-BAT','ACCESORIOS','Batería 3.6V Lithium SL-860/S (requerida Gatner)','','fijo','pieza','MXN',null,false,true,16) returning producto_id into pid;
  insert into public.producto_precio (producto_id,grupo,precio) values (pid,'UNICO',16.3);
  insert into public.producto (codigo_sap,familia_codigo,nombre,descripcion,tipo_precio,unidad,moneda,espesor,requiere_medidas,aplica_descuento,orden) values ('GAT-CARD','ACCESORIOS','Set tarjetas configuración Gatner GL7P / GAT ECO','','fijo','pieza','MXN',null,false,true,17) returning producto_id into pid;
  insert into public.producto_precio (producto_id,grupo,precio) values (pid,'UNICO',410.5);
  insert into public.producto (codigo_sap,familia_codigo,nombre,descripcion,tipo_precio,unidad,moneda,espesor,requiere_medidas,aplica_descuento,orden) values ('FILLER-08-10','ACCESORIOS','Filler 8-10 cm','','fijo','pieza','MXN',null,false,true,50) returning producto_id into pid;
  insert into public.producto_precio (producto_id,grupo,precio) values (pid,'PRO',531.384);
  insert into public.producto_precio (producto_id,grupo,precio) values (pid,'SMART',464.961);
  insert into public.producto (codigo_sap,familia_codigo,nombre,descripcion,tipo_precio,unidad,moneda,espesor,requiere_medidas,aplica_descuento,orden) values ('FILLER-11-15','ACCESORIOS','Filler 11-15 cm','','fijo','pieza','MXN',null,false,true,51) returning producto_id into pid;
  insert into public.producto_precio (producto_id,grupo,precio) values (pid,'PRO',797.076);
  insert into public.producto_precio (producto_id,grupo,precio) values (pid,'SMART',697.4415);
  insert into public.producto (codigo_sap,familia_codigo,nombre,descripcion,tipo_precio,unidad,moneda,espesor,requiere_medidas,aplica_descuento,orden) values ('FILLER-16-20','ACCESORIOS','Filler 16-20 cm','','fijo','pieza','MXN',null,false,true,52) returning producto_id into pid;
  insert into public.producto_precio (producto_id,grupo,precio) values (pid,'PRO',1062.768);
  insert into public.producto_precio (producto_id,grupo,precio) values (pid,'SMART',929.922);
  insert into public.producto (codigo_sap,familia_codigo,nombre,descripcion,tipo_precio,unidad,moneda,espesor,requiere_medidas,aplica_descuento,orden) values ('FILLER-21-25','ACCESORIOS','Filler 21-25 cm','','fijo','pieza','MXN',null,false,true,53) returning producto_id into pid;
  insert into public.producto_precio (producto_id,grupo,precio) values (pid,'PRO',1328.4601);
  insert into public.producto_precio (producto_id,grupo,precio) values (pid,'SMART',1162.4026);
  insert into public.producto (codigo_sap,familia_codigo,nombre,descripcion,tipo_precio,unidad,moneda,espesor,requiere_medidas,aplica_descuento,orden) values ('FILLER-26-30','ACCESORIOS','Filler 26-30 cm','','fijo','pieza','MXN',null,false,true,54) returning producto_id into pid;
  insert into public.producto_precio (producto_id,grupo,precio) values (pid,'PRO',1594.1521);
  insert into public.producto_precio (producto_id,grupo,precio) values (pid,'SMART',1394.8831);
  insert into public.producto (codigo_sap,familia_codigo,nombre,descripcion,tipo_precio,unidad,moneda,espesor,requiere_medidas,aplica_descuento,orden) values ('FILLER-31-37','ACCESORIOS','Filler 31-37 cm','','fijo','pieza','MXN',null,false,true,55) returning producto_id into pid;
  insert into public.producto_precio (producto_id,grupo,precio) values (pid,'PRO',1966.1209);
  insert into public.producto_precio (producto_id,grupo,precio) values (pid,'SMART',1720.3558);
  insert into public.producto (codigo_sap,familia_codigo,nombre,descripcion,tipo_precio,unidad,moneda,espesor,requiere_medidas,aplica_descuento,orden) values ('7510','ADHESIVOS','Panel-Fix adhesivo blanco o negro 600ml (salchicha)','','fijo','pieza','MXN',null,false,true,1) returning producto_id into pid;
  insert into public.producto_precio (producto_id,grupo,precio) values (pid,'UNICO',35);
  insert into public.producto (codigo_sap,familia_codigo,nombre,descripcion,tipo_precio,unidad,moneda,espesor,requiere_medidas,aplica_descuento,orden) values ('1522','ADHESIVOS','Panel-Fix promotor P202','','fijo','pieza','MXN',null,false,true,2) returning producto_id into pid;
  insert into public.producto_precio (producto_id,grupo,precio) values (pid,'UNICO',95);
  insert into public.producto (codigo_sap,familia_codigo,nombre,descripcion,tipo_precio,unidad,moneda,espesor,requiere_medidas,aplica_descuento,orden) values ('15126','ADHESIVOS','Panel-Fix primer 4515W','','fijo','pieza','MXN',null,false,true,3) returning producto_id into pid;
  insert into public.producto_precio (producto_id,grupo,precio) values (pid,'UNICO',140);
  insert into public.producto (codigo_sap,familia_codigo,nombre,descripcion,tipo_precio,unidad,moneda,espesor,requiere_medidas,aplica_descuento,orden) values ('1589','ADHESIVOS','Cinta Panel-Fix','','fijo','pieza','MXN',null,false,true,4) returning producto_id into pid;
  insert into public.producto_precio (producto_id,grupo,precio) values (pid,'UNICO',20);
  insert into public.producto (codigo_sap,familia_codigo,nombre,descripcion,tipo_precio,unidad,moneda,espesor,requiere_medidas,aplica_descuento,orden) values ('W101-610','ADHESIVOS','Perfil L ángulo 40x80x2.5mm','','fijo','pieza','MXN',null,false,true,5) returning producto_id into pid;
  insert into public.producto_precio (producto_id,grupo,precio) values (pid,'UNICO',100);
  insert into public.producto (codigo_sap,familia_codigo,nombre,descripcion,tipo_precio,unidad,moneda,espesor,requiere_medidas,aplica_descuento,orden) values ('W102','ADHESIVOS','Perfil T chica 40x80x2.5mm','','fijo','pieza','MXN',null,false,true,6) returning producto_id into pid;
  insert into public.producto_precio (producto_id,grupo,precio) values (pid,'UNICO',100);
  insert into public.producto (codigo_sap,familia_codigo,nombre,descripcion,tipo_precio,unidad,moneda,espesor,requiere_medidas,aplica_descuento,orden) values ('W103-610','ADHESIVOS','Perfil T grande 80x80x2.5mm','','fijo','pieza','MXN',null,false,true,7) returning producto_id into pid;
  insert into public.producto_precio (producto_id,grupo,precio) values (pid,'UNICO',135);
  insert into public.producto (codigo_sap,familia_codigo,nombre,descripcion,tipo_precio,unidad,moneda,espesor,requiere_medidas,aplica_descuento,orden) values ('W101-90','ADHESIVOS','Bracket sencillo 40x80x90 2.5mm','','fijo','pieza','MXN',null,false,true,8) returning producto_id into pid;
  insert into public.producto_precio (producto_id,grupo,precio) values (pid,'UNICO',2);
  insert into public.producto (codigo_sap,familia_codigo,nombre,descripcion,tipo_precio,unidad,moneda,espesor,requiere_medidas,aplica_descuento,orden) values ('W101-180','ADHESIVOS','Bracket doble 40x80x180mm','','fijo','pieza','MXN',null,false,true,9) returning producto_id into pid;
  insert into public.producto_precio (producto_id,grupo,precio) values (pid,'UNICO',3);
  insert into public.producto (codigo_sap,familia_codigo,nombre,descripcion,tipo_precio,unidad,moneda,espesor,requiere_medidas,aplica_descuento,orden) values ('INST-CUB','SERVICIOS','Instalación por cubierta','','fijo','pieza','MXN',null,false,false,1) returning producto_id into pid;
  insert into public.producto_precio (producto_id,grupo,precio) values (pid,'UNICO',250);
  insert into public.producto (codigo_sap,familia_codigo,nombre,descripcion,tipo_precio,unidad,moneda,espesor,requiere_medidas,aplica_descuento,orden) values ('INST-FILLER','SERVICIOS','Instalación por filler','','fijo','pieza','MXN',null,false,false,2) returning producto_id into pid;
  insert into public.producto_precio (producto_id,grupo,precio) values (pid,'UNICO',450);
  insert into public.producto (codigo_sap,familia_codigo,nombre,descripcion,tipo_precio,unidad,moneda,espesor,requiere_medidas,aplica_descuento,orden) values ('INST-L100','SERVICIOS','Instalación locker SMART L-100','','fijo','pieza','MXN',null,false,false,3) returning producto_id into pid;
  insert into public.producto_precio (producto_id,grupo,precio) values (pid,'UNICO',450);
  insert into public.producto (codigo_sap,familia_codigo,nombre,descripcion,tipo_precio,unidad,moneda,espesor,requiere_medidas,aplica_descuento,orden) values ('INST-L200','SERVICIOS','Instalación locker SMART L-200','','fijo','pieza','MXN',null,false,false,4) returning producto_id into pid;
  insert into public.producto_precio (producto_id,grupo,precio) values (pid,'UNICO',800);
  insert into public.producto (codigo_sap,familia_codigo,nombre,descripcion,tipo_precio,unidad,moneda,espesor,requiere_medidas,aplica_descuento,orden) values ('INST-L300','SERVICIOS','Instalación locker SMART L-300','','fijo','pieza','MXN',null,false,false,5) returning producto_id into pid;
  insert into public.producto_precio (producto_id,grupo,precio) values (pid,'UNICO',1100);
  insert into public.producto (codigo_sap,familia_codigo,nombre,descripcion,tipo_precio,unidad,moneda,espesor,requiere_medidas,aplica_descuento,orden) values ('INST-BANCA','SERVICIOS','Instalación por banca','','fijo','pieza','MXN',null,false,false,6) returning producto_id into pid;
  insert into public.producto_precio (producto_id,grupo,precio) values (pid,'UNICO',300);
  insert into public.producto (codigo_sap,familia_codigo,nombre,descripcion,tipo_precio,unidad,moneda,espesor,requiere_medidas,aplica_descuento,orden) values ('INST-TORRE-PRO','SERVICIOS','Instalación por torre de locker PRO','','fijo','pieza','MXN',null,false,false,7) returning producto_id into pid;
  insert into public.producto_precio (producto_id,grupo,precio) values (pid,'UNICO',450);
  insert into public.producto (codigo_sap,familia_codigo,nombre,descripcion,tipo_precio,unidad,moneda,espesor,requiere_medidas,aplica_descuento,orden) values ('FLETE-LOCAL','SERVICIOS','Flete local menor a 60 km','','fijo','pieza','MXN',null,false,false,8) returning producto_id into pid;
  insert into public.producto_precio (producto_id,grupo,precio) values (pid,'UNICO',1500);
end $$;
